table,rows,columns,column_names,description
paper_four_path_qa_accuracy.csv,32,14,"[""task"", ""switch_layer"", ""execution_path"", ""model_name"", ""prefix_family"", ""suffix_family"", ""prefix_model"", ""suffix_model"", ""path_role"", ""accuracy_sum"", ""accuracy_norm"", ""n_items"", ""chance"", ""source_file""]",Symmetric AA/AB/BB/BA full-set QA matrix for every switch layer.
paper_cross_family_qa_accuracy.csv,84,14,"[""execution_path"", ""producer_path"", ""source_model"", ""target_model"", ""task"", ""config"", ""config_type"", ""switch_layer"", ""accuracy_sum"", ""accuracy_norm"", ""n_items"", ""chance"", ""source_file"", ""transformer_blocks""]","Canonical full-set QA with one copy of each parent and matched AA/AB/BB/BA, affine, intervention, and equal-memory rows."
paper_representation.csv,7,8,"[""metric"", ""checkpoint_key"", ""execution_path"", ""value"", ""checkpoint_step"", ""latent_size"", ""layers"", ""source_file""]",Final-checkpoint representation alignment and reconstruction metrics.
paper_cross_family_linearity.csv,12,14,"[""execution_path"", ""producer_path"", ""scope"", ""layer"", ""adapter_cross_r2"", ""linearised_fit_r2"", ""linearised_cross_r2"", ""best_affine_cross_r2"", ""evaluation_rows"", ""fit_rows"", ""checkpoint_step"", ""source_file"", ""ridge_imitate"", ""ridge_direct""]",Matched AB/BA adapter linearity and direct affine baselines.
paper_cross_family_domain_shift.csv,108,14,"[""execution_path"", ""producer_path"", ""source_model"", ""target_model"", ""domain"", ""context_tokens"", ""windows"", ""config"", ""config_type"", ""switch_layer"", ""cross_entropy"", ""standard_error"", ""perplexity"", ""source_file""]",Combined AB/BA Alpaca/WikiText cross-entropy by context; affine controls are refit on a disjoint prefix of each domain.
paper_layer_metrics.csv,34,15,"[""row_type"", ""layer"", ""statistics"", ""A->A"", ""A->B"", ""B->B"", ""B->A"", ""rho_ctr"", ""A->B_shuf"", ""B->A_shuf"", ""rho_ctr_shuf"", ""n_windows"", ""window_tokens"", ""seed"", ""source_file""]","Per-layer bidirectional reconstruction, alignment, and shuffled controls."
paper_layer_correspondence.csv,1024,9,"[""source_layer"", ""target_layer"", ""linear_cka"", ""best_linear_r2"", ""is_diagonal"", ""n_windows"", ""window_tokens"", ""sample_rows"", ""source_file""]",All 32x32 source/target layer CKA and direct-linear correspondence.
paper_cross_family_mlp_intervention.csv,82,10,"[""execution_path"", ""producer_path"", ""result_type"", ""task"", ""alpha"", ""layer"", ""config"", ""value"", ""n_items"", ""source_file""]",Matched AB/BA same-adapter residual-MLP branch intervention.
paper_cross_family_paired_statistics.csv,120,20,"[""execution_path"", ""producer_path"", ""comparison_family"", ""task"", ""comparison"", ""config_a"", ""config_b"", ""n_items"", ""accuracy_a"", ""accuracy_b"", ""accuracy_difference"", ""bootstrap_ci_low"", ""bootstrap_ci_high"", ""mcnemar_b"", ""mcnemar_c"", ""mcnemar_p"", ""significant_0_05"", ""source_file"", ""path_a"", ""path_b""]","Combined AB/BA McNemar tests and paired-bootstrap intervals for QA, interventions, equal-memory, and same-layer AB/BA comparisons."
paper_cross_family_serving.csv,76,21,"[""execution_path"", ""producer_path"", ""benchmark"", ""phase"", ""config"", ""rwkv_blocks"", ""pythia_blocks"", ""weight_mib_dev_a"", ""weight_mib_dev_b"", ""weight_mib_total"", ""parent_gate_relative_error"", ""source_front_gate_relative_error"", ""target_suffix_gate_relative_error"", ""gate_relative_error"", ""source_file"", ""context_tokens"", ""ms"", ""peak_devA_MiB"", ""peak_devB_MiB"", ""tok_per_s"", ""ms_per_token""]",Combined AB/BA unpruned and physically pruned serving measurements.
paper_training_curve.csv,417,15,"[""step"", ""learning_rate"", ""loss"", ""train_a_to_b_r2"", ""eval_a_to_b_r2"", ""eval_b_to_a_r2"", ""eval_a_to_a_r2"", ""eval_b_to_b_r2"", ""latent_rho_centered"", ""latent_rho_raw"", ""latent_f"", ""elapsed_seconds"", ""seed"", ""tokens_per_layer"", ""latent_size""]",Structured adapter training trajectory emitted directly or migrated once from authoritative logs.
paper_cross_family_generation_samples.csv,16,18,"[""execution_path"", ""producer_path"", ""source_model"", ""target_model"", ""prompt_id"", ""prompt"", ""config"", ""switch_layer"", ""adapter_cross_r2"", ""checkpoint_step"", ""parent_gate_relative_error"", ""direct_gate_relative_error"", ""decoding"", ""temperature"", ""max_new_tokens"", ""seed"", ""output"", ""source_file""]",Current-checkpoint AB/BA qualitative samples with one copy of each parent.
paper_cross_family_memory_accuracy.csv,10,17,"[""execution_path"", ""producer_path"", ""source_model"", ""target_model"", ""config"", ""switch_layer"", ""transformer_layers"", ""kv_kib_per_token"", ""kv_gib_at_context"", ""context_tokens"", ""kv_reduction_fraction"", ""measured_kib_per_token_per_layer"", ""rwkv_state_kib_per_layer"", ""probe_sequence_tokens"", ""arc_easy_accuracy_norm"", ""sciq_accuracy_norm"", ""source_file""]",Canonical parent/AB/BA measured KV-cache cost joined with full-set QA.
paper_result_coverage.csv,12,13,"[""table"", ""count_unit"", ""A_parent"", ""A_to_A"", ""A_to_B"", ""B_parent"", ""B_to_B"", ""B_to_A"", ""B_early_exit"", ""cross_path"", ""ab_ba_matched"", ""four_path_applicable"", ""four_path_complete""]",Per-table AA/AB/BB/BA coverage audit; parents and Pythia early exits are separate controls.
