execution_path,producer_path,comparison_family,task,comparison,config_a,config_b,n_items,accuracy_a,accuracy_b,accuracy_difference,bootstrap_ci_low,bootstrap_ci_high,mcnemar_b,mcnemar_c,mcnemar_p,significant_0_05,source_file,path_a,path_b
B_to_A,B_to_A,qa,arc_easy,decoder loss @16,rwkv,A_to_A@16,2376,0.6178451178451179,0.5475589225589226,0.07028619528619529,0.054292929292929296,0.0867003367003367,279,112,1.4865301014658304e-17,True,b_to_a_paired_statistics.csv,A_parent,A_to_A
B_to_A,B_to_A,qa,arc_easy,decoder loss @24,rwkv,A_to_A@24,2376,0.6178451178451179,0.5218855218855218,0.09595959595959602,0.0787037037037037,0.11363636363636363,346,118,4.927431963569129e-27,True,b_to_a_paired_statistics.csv,A_parent,A_to_A
B_to_A,B_to_A,qa,arc_easy,decoder loss @4,rwkv,A_to_A@4,2376,0.6178451178451179,0.6283670033670034,-0.010521885521885488,-0.025252525252525252,0.004629629629629629,150,175,0.18301029176101677,False,b_to_a_paired_statistics.csv,A_parent,A_to_A
B_to_A,B_to_A,qa,arc_easy,decoder loss @8,rwkv,A_to_A@8,2376,0.6178451178451179,0.5984848484848485,0.019360269360269355,0.005892255892255892,0.03282828282828283,160,114,0.006451928990871502,True,b_to_a_paired_statistics.csv,A_parent,A_to_A
A_to_B,A_to_B,qa,arc_easy,decoder loss @16,pythia,B_to_B@16,2376,0.6531986531986532,0.5736531986531986,0.07954545454545459,0.061447811447811446,0.09764309764309764,350,161,3.9650536848596656e-17,True,a_to_b_paired_statistics.csv,B_parent,B_to_B
A_to_B,A_to_B,qa,arc_easy,decoder loss @24,pythia,B_to_B@24,2376,0.6531986531986532,0.5942760942760943,0.05892255892255893,0.041245791245791245,0.0765993265993266,310,170,1.6691433159903678e-10,True,a_to_b_paired_statistics.csv,B_parent,B_to_B
A_to_B,A_to_B,qa,arc_easy,decoder loss @4,pythia,B_to_B@4,2376,0.6531986531986532,0.6216329966329966,0.031565656565656575,0.016835016835016835,0.04671717171717172,203,128,4.4339592124142026e-05,True,a_to_b_paired_statistics.csv,B_parent,B_to_B
A_to_B,A_to_B,qa,arc_easy,decoder loss @8,pythia,B_to_B@8,2376,0.6531986531986532,0.6266835016835017,0.02651515151515149,0.010942760942760943,0.04292929292929293,219,156,0.0013351611054225835,True,a_to_b_paired_statistics.csv,B_parent,B_to_B
B_to_A,B_to_A,qa,arc_easy,cross-family @4,A_to_A@4,B_to_A@4,2376,0.6283670033670034,0.6220538720538721,0.0063131313131312705,-0.006313131313131313,0.01893939393939394,125,110,0.3611354369008825,False,b_to_a_paired_statistics.csv,A_to_A,B_to_A
A_to_B,A_to_B,mlp_intervention,arc_easy,MLP-branch @4,A_to_B@4,A_to_B_alpha0@4,2376,0.5959595959595959,0.31902356902356904,0.27693602693602687,0.2521043771043771,0.3021885521885522,879,221,2.6646569478187502e-93,True,cross_family_mlp_intervention_arc.json,A_to_B,A_to_B
A_to_B,A_to_B,qa,arc_easy,adapter vs affine @4,A_to_B@4,A_to_B_affine@4,2376,0.5959595959595959,0.4187710437710438,0.17718855218855212,0.15404040404040403,0.20075757575757575,651,230,2.8347304675549173e-47,True,a_to_b_paired_statistics.csv,A_to_B,A_to_B
A_to_B,A_to_B,qa,arc_easy,chimera vs Pythia @4,A_to_B@4,pythia,2376,0.5959595959595959,0.6531986531986532,-0.05723905723905731,-0.07449494949494949,-0.03998316498316498,160,296,1.909296585722688e-10,True,a_to_b_paired_statistics.csv,A_to_B,B_parent
A_to_B,A_to_B,qa,arc_easy,chimera vs RWKV @4,A_to_B@4,rwkv,2376,0.5959595959595959,0.6178451178451179,-0.021885521885521952,-0.04250841750841751,-0.0012626262626262627,288,340,0.041753206585991465,True,a_to_b_paired_statistics.csv,A_to_B,A_parent
A_to_B,A_to_B,qa,arc_easy,cross-family @4,B_to_B@4,A_to_B@4,2376,0.6216329966329966,0.5959595959595959,0.025673400673400737,0.00968013468013468,0.04208754208754209,217,156,0.001853573518474329,True,a_to_b_paired_statistics.csv,B_to_B,A_to_B
cross_path,BA_vs_AB,cross_path,arc_easy,BA vs AB @4,B_to_A@4,A_to_B@4,2376,0.6220538720538721,0.5959595959595959,0.02609427609427617,0.005050505050505051,0.04713804713804714,347,285,0.015181573806352818,True,b_to_a_qa_items_arc.json;a_to_b_qa_items_arc.json,B_to_A,A_to_B
B_to_A,B_to_A,mlp_intervention,arc_easy,MLP-branch @4,B_to_A@4,B_to_A_alpha0@4,2376,0.6220538720538721,0.31776094276094274,0.30429292929292934,0.27904040404040403,0.32996632996632996,955,232,1.740622249459316e-104,True,cross_family_mlp_intervention_arc.json,B_to_A,B_to_A
B_to_A,B_to_A,qa,arc_easy,adapter vs affine @4,B_to_A@4,B_to_A_affine@4,2376,0.6220538720538721,0.6022727272727273,0.019781144781144788,0.006313131313131313,0.03324915824915825,161,114,0.005442800476960582,True,b_to_a_paired_statistics.csv,B_to_A,B_to_A
B_to_A,B_to_A,qa,arc_easy,chimera vs Pythia @4,B_to_A@4,pythia,2376,0.6220538720538721,0.6531986531986532,-0.031144781144781142,-0.05176767676767677,-0.011363636363636364,266,340,0.0029914330070481133,True,b_to_a_paired_statistics.csv,B_to_A,B_parent
B_to_A,B_to_A,qa,arc_easy,chimera vs RWKV @4,B_to_A@4,rwkv,2376,0.6220538720538721,0.6178451178451179,0.004208754208754217,-0.012205387205387205,0.020622895622895623,210,200,0.6567494345379852,False,b_to_a_paired_statistics.csv,B_to_A,A_parent
B_to_A,B_to_A,equal_memory,arc_easy,B_to_A early exit vs chimera @4,B_early_exit@5,B_to_A@4,2376,0.2680976430976431,0.6220538720538721,-0.35395622895622897,-0.3787878787878788,-0.3287037037037037,185,1026,1.467396672092187e-141,True,b_to_a_exit_items_arc.json;b_to_a_qa_items_arc.json,B_early_exit,B_to_A
A_to_B,A_to_B,equal_memory,arc_easy,A_to_B early exit vs chimera @24,B_early_exit@7,A_to_B@24,2376,0.2849326599326599,0.4696969696969697,-0.1847643097643098,-0.20875420875420875,-0.16035353535353536,261,700,5.745156997980005e-47,True,a_to_b_exit_items_arc.json;a_to_b_qa_items_arc.json,B_early_exit,A_to_B
B_to_A,B_to_A,qa,arc_easy,cross-family @8,A_to_A@8,B_to_A@8,2376,0.5984848484848485,0.5728114478114478,0.025673400673400737,0.012205387205387205,0.03956228956228956,170,109,0.0003120392602296047,True,b_to_a_paired_statistics.csv,A_to_A,B_to_A
A_to_B,A_to_B,mlp_intervention,arc_easy,MLP-branch @8,A_to_B@8,A_to_B_alpha0@8,2376,0.5896464646464646,0.29924242424242425,0.2904040404040404,0.26557239057239057,0.31607744107744107,918,228,1.7419181711339796e-98,True,cross_family_mlp_intervention_arc.json,A_to_B,A_to_B
A_to_B,A_to_B,qa,arc_easy,adapter vs affine @8,A_to_B@8,A_to_B_affine@8,2376,0.5896464646464646,0.4305555555555556,0.15909090909090906,0.13720538720538722,0.18097643097643099,581,203,5.330696013484481e-43,True,a_to_b_paired_statistics.csv,A_to_B,A_to_B
A_to_B,A_to_B,qa,arc_easy,chimera vs Pythia @8,A_to_B@8,pythia,2376,0.5896464646464646,0.6531986531986532,-0.06355218855218858,-0.08122895622895623,-0.045875420875420875,165,316,5.361652427759713e-12,True,a_to_b_paired_statistics.csv,A_to_B,B_parent
A_to_B,A_to_B,qa,arc_easy,chimera vs RWKV @8,A_to_B@8,rwkv,2376,0.5896464646464646,0.6178451178451179,-0.028198653198653223,-0.047979797979797977,-0.007996632996632997,262,329,0.006581163645296083,True,a_to_b_paired_statistics.csv,A_to_B,A_parent
A_to_B,A_to_B,qa,arc_easy,cross-family @8,B_to_B@8,A_to_B@8,2376,0.6266835016835017,0.5896464646464646,0.03703703703703709,0.022306397306397305,0.05218855218855219,205,117,1.075294750059777e-06,True,a_to_b_paired_statistics.csv,B_to_B,A_to_B
cross_path,BA_vs_AB,cross_path,arc_easy,BA vs AB @8,B_to_A@8,A_to_B@8,2376,0.5728114478114478,0.5896464646464646,-0.01683501683501687,-0.036616161616161616,0.002946127946127946,278,318,0.11007658068316027,False,b_to_a_qa_items_arc.json;a_to_b_qa_items_arc.json,B_to_A,A_to_B
B_to_A,B_to_A,mlp_intervention,arc_easy,MLP-branch @8,B_to_A@8,B_to_A_alpha0@8,2376,0.5728114478114478,0.3552188552188552,0.21759259259259256,0.19318181818181818,0.242003367003367,763,246,3.8539155981859245e-62,True,cross_family_mlp_intervention_arc.json,B_to_A,B_to_A
B_to_A,B_to_A,qa,arc_easy,adapter vs affine @8,B_to_A@8,B_to_A_affine@8,2376,0.5728114478114478,0.5601851851851852,0.012626262626262541,-0.002946127946127946,0.027777777777777776,188,158,0.11885751411119069,False,b_to_a_paired_statistics.csv,B_to_A,B_to_A
B_to_A,B_to_A,qa,arc_easy,chimera vs Pythia @8,B_to_A@8,pythia,2376,0.5728114478114478,0.6531986531986532,-0.08038720538720545,-0.10185185185185185,-0.058922558922558925,244,435,2.1425522776502478e-13,True,b_to_a_paired_statistics.csv,B_to_A,B_parent
B_to_A,B_to_A,qa,arc_easy,chimera vs RWKV @8,B_to_A@8,rwkv,2376,0.5728114478114478,0.6178451178451179,-0.04503367003367009,-0.06186868686868687,-0.0281986531986532,154,261,1.683734528254768e-07,True,b_to_a_paired_statistics.csv,B_to_A,A_parent
B_to_A,B_to_A,equal_memory,arc_easy,B_to_A early exit vs chimera @8,B_early_exit@9,B_to_A@8,2376,0.2967171717171717,0.5728114478114478,-0.27609427609427606,-0.3005050505050505,-0.2521043771043771,188,844,9.935336814554946e-100,True,b_to_a_exit_items_arc.json;b_to_a_qa_items_arc.json,B_early_exit,B_to_A
A_to_B,A_to_B,equal_memory,arc_easy,A_to_B early exit vs chimera @16,B_early_exit@15,A_to_B@16,2376,0.37373737373737376,0.4861111111111111,-0.11237373737373735,-0.13636363636363635,-0.08838383838383838,289,556,2.753556727570258e-20,True,a_to_b_exit_items_arc.json;a_to_b_qa_items_arc.json,B_early_exit,A_to_B
B_to_A,B_to_A,qa,arc_easy,cross-family @16,A_to_A@16,B_to_A@16,2376,0.5475589225589226,0.5749158249158249,-0.027356902356902357,-0.04292929292929293,-0.011363636363636364,148,213,0.0007339889464019883,True,b_to_a_paired_statistics.csv,A_to_A,B_to_A
A_to_B,A_to_B,mlp_intervention,arc_easy,MLP-branch @16,A_to_B@16,A_to_B_alpha0@16,2376,0.4861111111111111,0.28535353535353536,0.20075757575757575,0.17676767676767677,0.22474747474747475,700,223,5.536992877824443e-58,True,cross_family_mlp_intervention_arc.json,A_to_B,A_to_B
A_to_B,A_to_B,qa,arc_easy,adapter vs affine @16,A_to_B@16,A_to_B_affine@16,2376,0.4861111111111111,0.3484848484848485,0.1376262626262626,0.1148989898989899,0.15993265993265993,551,224,1.276483279455357e-32,True,a_to_b_paired_statistics.csv,A_to_B,A_to_B
A_to_B,A_to_B,qa,arc_easy,chimera vs Pythia @16,A_to_B@16,pythia,2376,0.4861111111111111,0.6531986531986532,-0.16708754208754212,-0.1893939393939394,-0.14562289562289563,198,595,6.606726540358035e-47,True,a_to_b_paired_statistics.csv,A_to_B,B_parent
A_to_B,A_to_B,qa,arc_easy,chimera vs RWKV @16,A_to_B@16,rwkv,2376,0.4861111111111111,0.6178451178451179,-0.13173400673400676,-0.15404040404040403,-0.10984848484848485,223,536,1.4198968040044048e-30,True,a_to_b_paired_statistics.csv,A_to_B,A_parent
A_to_B,A_to_B,qa,arc_easy,cross-family @16,B_to_B@16,A_to_B@16,2376,0.5736531986531986,0.4861111111111111,0.08754208754208753,0.06776094276094276,0.10816498316498316,405,197,1.5632872163144174e-17,True,a_to_b_paired_statistics.csv,B_to_B,A_to_B
cross_path,BA_vs_AB,cross_path,arc_easy,BA vs AB @16,B_to_A@16,A_to_B@16,2376,0.5749158249158249,0.4861111111111111,0.08880471380471383,0.06734006734006734,0.11026936026936027,462,251,2.3311057107719467e-15,True,b_to_a_qa_items_arc.json;a_to_b_qa_items_arc.json,B_to_A,A_to_B
B_to_A,B_to_A,mlp_intervention,arc_easy,MLP-branch @16,B_to_A@16,B_to_A_alpha0@16,2376,0.5749158249158249,0.43686868686868685,0.13804713804713808,0.11363636363636363,0.16245791245791247,621,293,7.735808151473828e-28,True,cross_family_mlp_intervention_arc.json,B_to_A,B_to_A
B_to_A,B_to_A,qa,arc_easy,adapter vs affine @16,B_to_A@16,B_to_A_affine@16,2376,0.5749158249158249,0.5749158249158249,0.0,-0.015151515151515152,0.014730639730639731,167,167,1.0,False,b_to_a_paired_statistics.csv,B_to_A,B_to_A
B_to_A,B_to_A,qa,arc_easy,chimera vs Pythia @16,B_to_A@16,pythia,2376,0.5749158249158249,0.6531986531986532,-0.07828282828282829,-0.09806397306397306,-0.0585016835016835,206,392,2.4094182023927183e-14,True,b_to_a_paired_statistics.csv,B_to_A,B_parent
B_to_A,B_to_A,qa,arc_easy,chimera vs RWKV @16,B_to_A@16,rwkv,2376,0.5749158249158249,0.6178451178451179,-0.04292929292929293,-0.06018518518518518,-0.025673400673400674,171,273,1.4838599578497394e-06,True,b_to_a_paired_statistics.csv,B_to_A,A_parent
B_to_A,B_to_A,equal_memory,arc_easy,B_to_A early exit vs chimera @16,B_early_exit@17,B_to_A@16,2376,0.40614478114478114,0.5749158249158249,-0.1687710437710438,-0.19234006734006734,-0.14562289562289563,228,629,4.0337863451239785e-44,True,b_to_a_exit_items_arc.json;b_to_a_qa_items_arc.json,B_early_exit,B_to_A
A_to_B,A_to_B,equal_memory,arc_easy,A_to_B early exit vs chimera @8,B_early_exit@23,A_to_B@8,2376,0.5408249158249159,0.5896464646464646,-0.048821548821548766,-0.07154882154882154,-0.026515151515151516,313,429,2.3386840130011115e-05,True,a_to_b_exit_items_arc.json;a_to_b_qa_items_arc.json,B_early_exit,A_to_B
B_to_A,B_to_A,qa,arc_easy,cross-family @24,A_to_A@24,B_to_A@24,2376,0.5218855218855218,0.5959595959595959,-0.07407407407407407,-0.09301346801346802,-0.055134680134680134,175,351,1.3346878961900989e-14,True,b_to_a_paired_statistics.csv,A_to_A,B_to_A
A_to_B,A_to_B,mlp_intervention,arc_easy,MLP-branch @24,A_to_B@24,A_to_B_alpha0@24,2376,0.4696969696969697,0.3480639730639731,0.12163299663299665,0.09806397306397306,0.1447811447811448,569,280,1.826084167188079e-23,True,cross_family_mlp_intervention_arc.json,A_to_B,A_to_B
A_to_B,A_to_B,qa,arc_easy,adapter vs affine @24,A_to_B@24,A_to_B_affine@24,2376,0.4696969696969697,0.3939393939393939,0.0757575757575758,0.054292929292929296,0.0968013468013468,435,255,7.244507335333204e-12,True,a_to_b_paired_statistics.csv,A_to_B,A_to_B
A_to_B,A_to_B,qa,arc_easy,chimera vs Pythia @24,A_to_B@24,pythia,2376,0.4696969696969697,0.6531986531986532,-0.1835016835016835,-0.20664983164983164,-0.16161616161616163,197,633,4.5279316166889575e-54,True,a_to_b_paired_statistics.csv,A_to_B,B_parent
A_to_B,A_to_B,qa,arc_easy,chimera vs RWKV @24,A_to_B@24,rwkv,2376,0.4696969696969697,0.6178451178451179,-0.14814814814814814,-0.17045454545454544,-0.12668350168350168,205,557,2.1172109598215855e-38,True,a_to_b_paired_statistics.csv,A_to_B,A_parent
A_to_B,A_to_B,qa,arc_easy,cross-family @24,B_to_B@24,A_to_B@24,2376,0.5942760942760943,0.4696969696969697,0.12457912457912457,0.10521885521885523,0.1447811447811448,454,158,4.185743138748588e-34,True,a_to_b_paired_statistics.csv,B_to_B,A_to_B
cross_path,BA_vs_AB,cross_path,arc_easy,BA vs AB @24,B_to_A@24,A_to_B@24,2376,0.5959595959595959,0.4696969696969697,0.1262626262626262,0.10479797979797979,0.14814814814814814,515,215,2.902309318259835e-29,True,b_to_a_qa_items_arc.json;a_to_b_qa_items_arc.json,B_to_A,A_to_B
B_to_A,B_to_A,mlp_intervention,arc_easy,MLP-branch @24,B_to_A@24,B_to_A_alpha0@24,2376,0.5959595959595959,0.48358585858585856,0.11237373737373735,0.0888047138047138,0.13552188552188552,558,291,3.39693463700388e-20,True,cross_family_mlp_intervention_arc.json,B_to_A,B_to_A
B_to_A,B_to_A,qa,arc_easy,adapter vs affine @24,B_to_A@24,B_to_A_affine@24,2376,0.5959595959595959,0.5917508417508418,0.004208754208754106,-0.012626262626262626,0.021043771043771045,218,208,0.6628497510891164,False,b_to_a_paired_statistics.csv,B_to_A,B_to_A
B_to_A,B_to_A,qa,arc_easy,chimera vs Pythia @24,B_to_A@24,pythia,2376,0.5959595959595959,0.6531986531986532,-0.05723905723905731,-0.07786195286195287,-0.03787878787878788,230,366,2.806145494021105e-08,True,b_to_a_paired_statistics.csv,B_to_A,B_parent
B_to_A,B_to_A,qa,arc_easy,chimera vs RWKV @24,B_to_A@24,rwkv,2376,0.5959595959595959,0.6178451178451179,-0.021885521885521952,-0.04292929292929293,-0.0008417508417508417,293,345,0.04339145190804477,True,b_to_a_paired_statistics.csv,B_to_A,A_parent
B_to_A,B_to_A,equal_memory,arc_easy,B_to_A early exit vs chimera @24,B_early_exit@25,B_to_A@24,2376,0.5753367003367004,0.5959595959595959,-0.020622895622895543,-0.04208754208754209,0.0012626262626262627,325,374,0.06936665249234673,False,b_to_a_exit_items_arc.json;b_to_a_qa_items_arc.json,B_early_exit,B_to_A
A_to_B,A_to_B,equal_memory,arc_easy,A_to_B early exit vs chimera @4,B_early_exit@27,A_to_B@4,2376,0.5980639730639731,0.5959595959595959,0.002104377104377164,-0.018518518518518517,0.022306397306397305,316,311,0.8730985929781913,False,a_to_b_exit_items_arc.json;a_to_b_qa_items_arc.json,B_early_exit,A_to_B
B_to_A,B_to_A,qa,sciq,decoder loss @16,rwkv,A_to_A@16,1000,0.67,0.598,0.07200000000000006,0.051,0.094,98,26,5.023293083821127e-11,True,b_to_a_paired_statistics.csv,A_parent,A_to_A
B_to_A,B_to_A,qa,sciq,decoder loss @24,rwkv,A_to_A@24,1000,0.67,0.579,0.09100000000000008,0.067,0.114,122,31,5.761122611124968e-14,True,b_to_a_paired_statistics.csv,A_parent,A_to_A
B_to_A,B_to_A,qa,sciq,decoder loss @4,rwkv,A_to_A@4,1000,0.67,0.685,-0.015000000000000013,-0.038,0.008,62,77,0.23493150329061085,False,b_to_a_paired_statistics.csv,A_parent,A_to_A
B_to_A,B_to_A,qa,sciq,decoder loss @8,rwkv,A_to_A@8,1000,0.67,0.667,0.0030000000000000027,-0.017,0.023,53,50,0.8438976552528333,False,b_to_a_paired_statistics.csv,A_parent,A_to_A
A_to_B,A_to_B,qa,sciq,decoder loss @16,pythia,B_to_B@16,1000,0.81,0.711,0.09900000000000009,0.074,0.125,141,42,1.0465141488793499e-13,True,a_to_b_paired_statistics.csv,B_parent,B_to_B
A_to_B,A_to_B,qa,sciq,decoder loss @24,pythia,B_to_B@24,1000,0.81,0.701,0.1090000000000001,0.082,0.135,152,43,1.8044512387471182e-15,True,a_to_b_paired_statistics.csv,B_parent,B_to_B
A_to_B,A_to_B,qa,sciq,decoder loss @4,pythia,B_to_B@4,1000,0.81,0.748,0.062000000000000055,0.04,0.084,94,32,2.910193273546543e-08,True,a_to_b_paired_statistics.csv,B_parent,B_to_B
A_to_B,A_to_B,qa,sciq,decoder loss @8,pythia,B_to_B@8,1000,0.81,0.748,0.062000000000000055,0.04,0.085,101,39,1.6065634901570312e-07,True,a_to_b_paired_statistics.csv,B_parent,B_to_B
B_to_A,B_to_A,qa,sciq,cross-family @4,A_to_A@4,B_to_A@4,1000,0.685,0.692,-0.006999999999999895,-0.027,0.013,48,55,0.5546010666648539,False,b_to_a_paired_statistics.csv,A_to_A,B_to_A
A_to_B,A_to_B,mlp_intervention,sciq,MLP-branch @4,A_to_B@4,A_to_B_alpha0@4,1000,0.709,0.313,0.39599999999999996,0.357,0.436,472,76,8.206307186422931e-71,True,cross_family_mlp_intervention_sciq.json,A_to_B,A_to_B
A_to_B,A_to_B,qa,sciq,adapter vs affine @4,A_to_B@4,A_to_B_affine@4,1000,0.709,0.475,0.23399999999999999,0.199,0.269,308,74,4.894747682253772e-35,True,a_to_b_paired_statistics.csv,A_to_B,A_to_B
A_to_B,A_to_B,qa,sciq,chimera vs Pythia @4,A_to_B@4,pythia,1000,0.709,0.81,-0.10100000000000009,-0.126,-0.076,37,138,6.692119695147032e-15,True,a_to_b_paired_statistics.csv,A_to_B,B_parent
A_to_B,A_to_B,qa,sciq,chimera vs RWKV @4,A_to_B@4,rwkv,1000,0.709,0.67,0.038999999999999924,0.007,0.07,150,111,0.01849436763795367,True,a_to_b_paired_statistics.csv,A_to_B,A_parent
A_to_B,A_to_B,qa,sciq,cross-family @4,B_to_B@4,A_to_B@4,1000,0.748,0.709,0.039000000000000035,0.018,0.061,80,41,0.0004985619576974514,True,a_to_b_paired_statistics.csv,B_to_B,A_to_B
cross_path,BA_vs_AB,cross_path,sciq,BA vs AB @4,B_to_A@4,A_to_B@4,1000,0.692,0.709,-0.017000000000000015,-0.046,0.013,101,118,0.27958724106374044,False,b_to_a_qa_items_sciq.json;a_to_b_qa_items_sciq.json,B_to_A,A_to_B
B_to_A,B_to_A,mlp_intervention,sciq,MLP-branch @4,B_to_A@4,B_to_A_alpha0@4,1000,0.692,0.326,0.36599999999999994,0.327,0.405,453,87,1.1161712831989646e-60,True,cross_family_mlp_intervention_sciq.json,B_to_A,B_to_A
B_to_A,B_to_A,qa,sciq,adapter vs affine @4,B_to_A@4,B_to_A_affine@4,1000,0.692,0.696,-0.0040000000000000036,-0.024,0.017,52,56,0.7729885295985467,False,b_to_a_paired_statistics.csv,B_to_A,B_to_A
B_to_A,B_to_A,qa,sciq,chimera vs Pythia @4,B_to_A@4,pythia,1000,0.692,0.81,-0.1180000000000001,-0.148,-0.087,68,186,7.45550629907047e-14,True,b_to_a_paired_statistics.csv,B_to_A,B_parent
B_to_A,B_to_A,qa,sciq,chimera vs RWKV @4,B_to_A@4,rwkv,1000,0.692,0.67,0.02199999999999991,-0.005,0.05,110,88,0.135391297487326,False,b_to_a_paired_statistics.csv,B_to_A,A_parent
B_to_A,B_to_A,equal_memory,sciq,B_to_A early exit vs chimera @4,B_early_exit@5,B_to_A@4,1000,0.305,0.692,-0.38699999999999996,-0.425,-0.351,55,442,3.931700476383979e-76,True,b_to_a_exit_items_sciq.json;b_to_a_qa_items_sciq.json,B_early_exit,B_to_A
A_to_B,A_to_B,equal_memory,sciq,A_to_B early exit vs chimera @24,B_early_exit@7,A_to_B@24,1000,0.324,0.511,-0.187,-0.223,-0.15,100,287,4.825240296813361e-22,True,a_to_b_exit_items_sciq.json;a_to_b_qa_items_sciq.json,B_early_exit,A_to_B
B_to_A,B_to_A,qa,sciq,cross-family @8,A_to_A@8,B_to_A@8,1000,0.667,0.646,0.02100000000000002,0.0,0.042,67,46,0.05943072721456906,False,b_to_a_paired_statistics.csv,A_to_A,B_to_A
A_to_B,A_to_B,mlp_intervention,sciq,MLP-branch @8,A_to_B@8,A_to_B_alpha0@8,1000,0.677,0.314,0.36300000000000004,0.323,0.402,448,85,1.544506397839709e-60,True,cross_family_mlp_intervention_sciq.json,A_to_B,A_to_B
A_to_B,A_to_B,qa,sciq,adapter vs affine @8,A_to_B@8,A_to_B_affine@8,1000,0.677,0.491,0.18600000000000005,0.152,0.22,252,66,9.415081805756021e-27,True,a_to_b_paired_statistics.csv,A_to_B,A_to_B
A_to_B,A_to_B,qa,sciq,chimera vs Pythia @8,A_to_B@8,pythia,1000,0.677,0.81,-0.133,-0.16,-0.106,38,171,2.4163683523281897e-21,True,a_to_b_paired_statistics.csv,A_to_B,B_parent
A_to_B,A_to_B,qa,sciq,chimera vs RWKV @8,A_to_B@8,rwkv,1000,0.677,0.67,0.007000000000000006,-0.022,0.037,120,113,0.6943539507710347,False,a_to_b_paired_statistics.csv,A_to_B,A_parent
A_to_B,A_to_B,qa,sciq,cross-family @8,B_to_B@8,A_to_B@8,1000,0.748,0.677,0.07099999999999995,0.048,0.095,109,38,3.881612646127386e-09,True,a_to_b_paired_statistics.csv,B_to_B,A_to_B
cross_path,BA_vs_AB,cross_path,sciq,BA vs AB @8,B_to_A@8,A_to_B@8,1000,0.646,0.677,-0.031000000000000028,-0.062,0.0,104,135,0.05208653072726251,False,b_to_a_qa_items_sciq.json;a_to_b_qa_items_sciq.json,B_to_A,A_to_B
B_to_A,B_to_A,mlp_intervention,sciq,MLP-branch @8,B_to_A@8,B_to_A_alpha0@8,1000,0.646,0.37,0.276,0.237,0.316,376,100,1.1639308771509079e-38,True,cross_family_mlp_intervention_sciq.json,B_to_A,B_to_A
B_to_A,B_to_A,qa,sciq,adapter vs affine @8,B_to_A@8,B_to_A_affine@8,1000,0.646,0.68,-0.03400000000000003,-0.056,-0.012,44,78,0.002662017450107285,True,b_to_a_paired_statistics.csv,B_to_A,B_to_A
B_to_A,B_to_A,qa,sciq,chimera vs Pythia @8,B_to_A@8,pythia,1000,0.646,0.81,-0.16400000000000003,-0.195,-0.133,59,223,1.3365471036059473e-23,True,b_to_a_paired_statistics.csv,B_to_A,B_parent
B_to_A,B_to_A,qa,sciq,chimera vs RWKV @8,B_to_A@8,rwkv,1000,0.646,0.67,-0.02400000000000002,-0.05,0.002,75,99,0.08092659296355194,False,b_to_a_paired_statistics.csv,B_to_A,A_parent
B_to_A,B_to_A,equal_memory,sciq,B_to_A early exit vs chimera @8,B_early_exit@9,B_to_A@8,1000,0.33,0.646,-0.316,-0.352,-0.281,49,365,7.95883621331715e-61,True,b_to_a_exit_items_sciq.json;b_to_a_qa_items_sciq.json,B_early_exit,B_to_A
A_to_B,A_to_B,equal_memory,sciq,A_to_B early exit vs chimera @16,B_early_exit@15,A_to_B@16,1000,0.417,0.545,-0.12800000000000006,-0.164,-0.091,119,247,1.9933778968511386e-11,True,a_to_b_exit_items_sciq.json;a_to_b_qa_items_sciq.json,B_early_exit,A_to_B
B_to_A,B_to_A,qa,sciq,cross-family @16,A_to_A@16,B_to_A@16,1000,0.598,0.68,-0.08200000000000007,-0.107,-0.057,44,126,2.334495368478488e-10,True,b_to_a_paired_statistics.csv,A_to_A,B_to_A
A_to_B,A_to_B,mlp_intervention,sciq,MLP-branch @16,A_to_B@16,A_to_B_alpha0@16,1000,0.545,0.317,0.22800000000000004,0.191,0.265,316,88,2.9463355449734516e-31,True,cross_family_mlp_intervention_sciq.json,A_to_B,A_to_B
A_to_B,A_to_B,qa,sciq,adapter vs affine @16,A_to_B@16,A_to_B_affine@16,1000,0.545,0.359,0.18600000000000005,0.152,0.221,266,80,1.8140913105629948e-24,True,a_to_b_paired_statistics.csv,A_to_B,A_to_B
A_to_B,A_to_B,qa,sciq,chimera vs Pythia @16,A_to_B@16,pythia,1000,0.545,0.81,-0.265,-0.298,-0.232,44,309,3.6834554713360255e-50,True,a_to_b_paired_statistics.csv,A_to_B,B_parent
A_to_B,A_to_B,qa,sciq,chimera vs RWKV @16,A_to_B@16,rwkv,1000,0.545,0.67,-0.125,-0.157,-0.094,73,198,1.6866821364918326e-14,True,a_to_b_paired_statistics.csv,A_to_B,A_parent
A_to_B,A_to_B,qa,sciq,cross-family @16,B_to_B@16,A_to_B@16,1000,0.711,0.545,0.16599999999999993,0.135,0.197,221,55,9.504098724806248e-25,True,a_to_b_paired_statistics.csv,B_to_B,A_to_B
cross_path,BA_vs_AB,cross_path,sciq,BA vs AB @16,B_to_A@16,A_to_B@16,1000,0.68,0.545,0.135,0.104,0.166,200,65,3.677436834181727e-17,True,b_to_a_qa_items_sciq.json;a_to_b_qa_items_sciq.json,B_to_A,A_to_B
B_to_A,B_to_A,mlp_intervention,sciq,MLP-branch @16,B_to_A@16,B_to_A_alpha0@16,1000,0.68,0.473,0.20700000000000007,0.17,0.245,305,98,8.017937828520449e-26,True,cross_family_mlp_intervention_sciq.json,B_to_A,B_to_A
B_to_A,B_to_A,qa,sciq,adapter vs affine @16,B_to_A@16,B_to_A_affine@16,1000,0.68,0.696,-0.015999999999999903,-0.036,0.004,44,60,0.14095628821231335,False,b_to_a_paired_statistics.csv,B_to_A,B_to_A
B_to_A,B_to_A,qa,sciq,chimera vs Pythia @16,B_to_A@16,pythia,1000,0.68,0.81,-0.13,-0.159,-0.1,58,188,3.3997688027650085e-17,True,b_to_a_paired_statistics.csv,B_to_A,B_parent
B_to_A,B_to_A,qa,sciq,chimera vs RWKV @16,B_to_A@16,rwkv,1000,0.68,0.67,0.010000000000000009,-0.016,0.036,94,84,0.5000546060016261,False,b_to_a_paired_statistics.csv,B_to_A,A_parent
B_to_A,B_to_A,equal_memory,sciq,B_to_A early exit vs chimera @16,B_early_exit@17,B_to_A@16,1000,0.501,0.68,-0.17900000000000005,-0.214,-0.144,88,267,4.314089869323252e-22,True,b_to_a_exit_items_sciq.json;b_to_a_qa_items_sciq.json,B_early_exit,B_to_A
A_to_B,A_to_B,equal_memory,sciq,A_to_B early exit vs chimera @8,B_early_exit@23,A_to_B@8,1000,0.661,0.677,-0.016000000000000014,-0.049,0.017,129,145,0.3648657419631733,False,a_to_b_exit_items_sciq.json;a_to_b_qa_items_sciq.json,B_early_exit,A_to_B
B_to_A,B_to_A,qa,sciq,cross-family @24,A_to_A@24,B_to_A@24,1000,0.579,0.699,-0.12,-0.15,-0.091,57,177,1.6935305825771066e-15,True,b_to_a_paired_statistics.csv,A_to_A,B_to_A
A_to_B,A_to_B,mlp_intervention,sciq,MLP-branch @24,A_to_B@24,A_to_B_alpha0@24,1000,0.511,0.4,0.11099999999999999,0.075,0.146,226,115,1.866419743605534e-09,True,cross_family_mlp_intervention_sciq.json,A_to_B,A_to_B
A_to_B,A_to_B,qa,sciq,adapter vs affine @24,A_to_B@24,A_to_B_affine@24,1000,0.511,0.427,0.08400000000000002,0.053,0.116,174,90,2.6009296297916e-07,True,a_to_b_paired_statistics.csv,A_to_B,A_to_B
A_to_B,A_to_B,qa,sciq,chimera vs Pythia @24,A_to_B@24,pythia,1000,0.511,0.81,-0.29900000000000004,-0.333,-0.265,49,348,1.1799735504250647e-56,True,a_to_b_paired_statistics.csv,A_to_B,B_parent
A_to_B,A_to_B,qa,sciq,chimera vs RWKV @24,A_to_B@24,rwkv,1000,0.511,0.67,-0.15900000000000003,-0.193,-0.125,80,239,1.5251246492995757e-19,True,a_to_b_paired_statistics.csv,A_to_B,A_parent
A_to_B,A_to_B,qa,sciq,cross-family @24,B_to_B@24,A_to_B@24,1000,0.701,0.511,0.18999999999999995,0.159,0.222,235,45,3.3430563691292786e-32,True,a_to_b_paired_statistics.csv,B_to_B,A_to_B
cross_path,BA_vs_AB,cross_path,sciq,BA vs AB @24,B_to_A@24,A_to_B@24,1000,0.699,0.511,0.18799999999999994,0.155,0.221,252,64,1.585956579434647e-27,True,b_to_a_qa_items_sciq.json;a_to_b_qa_items_sciq.json,B_to_A,A_to_B
B_to_A,B_to_A,mlp_intervention,sciq,MLP-branch @24,B_to_A@24,B_to_A_alpha0@24,1000,0.699,0.491,0.20799999999999996,0.172,0.243,288,80,1.105671374872906e-28,True,cross_family_mlp_intervention_sciq.json,B_to_A,B_to_A
B_to_A,B_to_A,qa,sciq,adapter vs affine @24,B_to_A@24,B_to_A_affine@24,1000,0.699,0.682,0.016999999999999904,-0.008,0.041,86,69,0.19858360530805133,False,b_to_a_paired_statistics.csv,B_to_A,B_to_A
B_to_A,B_to_A,qa,sciq,chimera vs Pythia @24,B_to_A@24,pythia,1000,0.699,0.81,-0.1110000000000001,-0.14,-0.082,58,169,9.008786393134602e-14,True,b_to_a_paired_statistics.csv,B_to_A,B_parent
B_to_A,B_to_A,qa,sciq,chimera vs RWKV @24,B_to_A@24,rwkv,1000,0.699,0.67,0.028999999999999915,-0.003,0.061,144,115,0.08168839047504513,False,b_to_a_paired_statistics.csv,B_to_A,A_parent
B_to_A,B_to_A,equal_memory,sciq,B_to_A early exit vs chimera @24,B_early_exit@25,B_to_A@24,1000,0.694,0.699,-0.0050000000000000044,-0.036,0.027,125,130,0.8022683388580354,False,b_to_a_exit_items_sciq.json;b_to_a_qa_items_sciq.json,B_early_exit,B_to_A
A_to_B,A_to_B,equal_memory,sciq,A_to_B early exit vs chimera @4,B_early_exit@27,A_to_B@4,1000,0.718,0.709,0.009000000000000008,-0.02,0.038,115,106,0.5905820614902199,False,a_to_b_exit_items_sciq.json;a_to_b_qa_items_sciq.json,B_early_exit,A_to_B
