execution_path,producer_path,benchmark,phase,config,rwkv_blocks,pythia_blocks,weight_mib_dev_a,weight_mib_dev_b,weight_mib_total,parent_gate_relative_error,source_front_gate_relative_error,target_suffix_gate_relative_error,gate_relative_error,source_file,context_tokens,ms,peak_devA_MiB,peak_devB_MiB,tok_per_s,ms_per_token
A_parent,A_to_B,pruned,prefill,pure-RWKV,0,0,14100.859375,0.0,14100.859375,,,,,a_to_b_serving_pruned.json,512,8050.4724234342575,14174.98828125,14114.6474609375,,
A_parent,B_to_A,pruned,prefill,pure-RWKV,32,0,14100.859375,0.0,14100.859375,,,,,b_to_a_serving_pruned.json,512,6666.65124706924,14687.17578125,13085.9853515625,,
A_to_B,A_to_B,pruned,prefill,pruned-A_to_B@16,17,15,7466.53125,7178.7109375,14645.2421875,,,,0.0,a_to_b_serving_pruned.json,512,4344.667559489608,7600.66015625,7767.8798828125,,
A_to_B,A_to_B,pruned,prefill,pruned-A_to_B@24,25,7,10795.34375,4105.8984375,14901.2421875,,,,0.0,a_to_b_serving_pruned.json,512,6322.440797463059,10961.47265625,4631.0673828125,,
A_to_B,A_to_B,pruned,prefill,pruned-A_to_B@4,5,27,2473.3125,11787.9296875,14261.2421875,,,,0.0,a_to_b_serving_pruned.json,512,1128.0684564262629,2559.44140625,12473.0986328125,,
A_to_B,A_to_B,pruned,prefill,pruned-A_to_B@8,9,23,4137.71875,10251.5234375,14389.2421875,,,,0.0,a_to_b_serving_pruned.json,512,1942.9309964179993,4239.84765625,10904.6923828125,,
B_parent,A_to_B,pruned,prefill,pure-Pythia,0,32,0.0,13076.859375,13076.859375,,,,,a_to_b_serving_pruned.json,512,97.90320135653019,14108.984375,14424.6513671875,,
B_parent,B_to_A,pruned,prefill,pure-Pythia,0,32,0.0,13076.859375,13076.859375,,,,,b_to_a_serving_pruned.json,512,96.74072824418545,14623.171875,13139.9892578125,,
B_to_A,B_to_A,pruned,prefill,pruned-B_to_A@16,15,17,7146.515625,6922.5234375,14069.0390625,0.0,0.0,0.0,0.0,b_to_a_serving_pruned.json,512,3230.9814393520355,7224.88671875,7374.32421875,,
B_to_A,B_to_A,pruned,prefill,pruned-B_to_A@24,7,25,3817.703125,9995.3359375,13813.0390625,0.0,0.0,0.0,0.0,b_to_a_serving_pruned.json,512,1542.092302814126,3896.07421875,10447.13671875,,
B_to_A,B_to_A,pruned,prefill,pruned-B_to_A@4,27,5,12139.734375,2313.3046875,14453.0390625,0.0,0.0,0.0,0.0,b_to_a_serving_pruned.json,512,5652.470350265503,12218.10546875,2765.10546875,,
B_to_A,B_to_A,pruned,prefill,pruned-B_to_A@8,23,9,10475.328125,3849.7109375,14325.0390625,0.0,0.0,0.0,0.0,b_to_a_serving_pruned.json,512,4868.92069876194,10553.69921875,4301.51171875,,
B_early_exit,A_to_B,pruned,prefill,B_early_exit@15,0,15,0,6547.1328125,6547.1328125,,,,,a_to_b_serving_pruned.json,512,48.71763847768307,8.125,7758.9248046875,,
B_early_exit,B_to_A,pruned,prefill,B_early_exit@17,0,17,0.0,7315.3359375,7315.3359375,,,,,b_to_a_serving_pruned.json,512,53.40432561933994,522.3125,7378.4658203125,,
B_early_exit,A_to_B,pruned,prefill,B_early_exit@23,0,23,0,9619.9453125,9619.9453125,,,,,a_to_b_serving_pruned.json,512,71.72961346805096,8.125,10895.7373046875,,
B_early_exit,B_to_A,pruned,prefill,B_early_exit@25,0,25,0.0,10388.1484375,10388.1484375,,,,,b_to_a_serving_pruned.json,512,76.65477320551872,522.3125,10451.2783203125,,
B_early_exit,A_to_B,pruned,prefill,B_early_exit@27,0,27,0,11156.3515625,11156.3515625,,,,,a_to_b_serving_pruned.json,512,83.08764919638634,8.125,12464.1435546875,,
B_early_exit,B_to_A,pruned,prefill,B_early_exit@5,0,5,0.0,2706.1171875,2706.1171875,,,,,b_to_a_serving_pruned.json,512,18.417395651340485,522.3125,2769.2470703125,,
B_early_exit,A_to_B,pruned,prefill,B_early_exit@7,0,7,0,3474.3203125,3474.3203125,,,,,a_to_b_serving_pruned.json,512,24.651916697621346,8.125,4622.1123046875,,
B_early_exit,B_to_A,pruned,prefill,B_early_exit@9,0,9,0.0,4242.5234375,4242.5234375,,,,,b_to_a_serving_pruned.json,512,30.28317727148533,522.3125,4305.6533203125,,
A_parent,A_to_B,pruned,prefill,pure-RWKV,0,0,14100.859375,0.0,14100.859375,,,,,a_to_b_serving_pruned.json,2048,31995.266115292907,14367.0,14114.6474609375,,
A_parent,B_to_A,pruned,prefill,pure-RWKV,32,0,14100.859375,0.0,14100.859375,,,,,b_to_a_serving_pruned.json,2048,26544.070167466998,14879.1875,13085.9853515625,,
A_to_B,A_to_B,pruned,prefill,pruned-A_to_B@16,17,15,7466.53125,7178.7109375,14645.2421875,,,,0.0,a_to_b_serving_pruned.json,2048,17286.694820970297,7972.671875,8310.2783203125,,
A_to_B,A_to_B,pruned,prefill,pruned-A_to_B@24,25,7,10795.34375,4105.8984375,14901.2421875,,,,0.0,a_to_b_serving_pruned.json,2048,21709.63287912309,11429.484375,4981.4658203125,,
A_to_B,A_to_B,pruned,prefill,pruned-A_to_B@4,5,27,2473.3125,11787.9296875,14261.2421875,,,,0.0,a_to_b_serving_pruned.json,2048,4481.618069112301,2787.453125,13303.4970703125,,
A_to_B,A_to_B,pruned,prefill,pruned-A_to_B@8,9,23,4137.71875,10251.5234375,14389.2421875,,,,0.0,a_to_b_serving_pruned.json,2048,7732.59773850441,4515.859375,11639.0908203125,,
B_parent,A_to_B,pruned,prefill,pure-Pythia,0,32,0.0,13076.859375,13076.859375,,,,,a_to_b_serving_pruned.json,2048,383.8378619402647,14108.984375,15351.0615234375,,
B_parent,B_to_A,pruned,prefill,pure-Pythia,0,32,0.0,13076.859375,13076.859375,,,,,b_to_a_serving_pruned.json,2048,377.9116403311491,14623.171875,13298.3994140625,,
B_to_A,B_to_A,pruned,prefill,pruned-B_to_A@16,15,17,7146.515625,6922.5234375,14069.0390625,0.0,0.0,0.0,0.0,b_to_a_serving_pruned.json,2048,12844.906223937869,7416.88671875,7518.53515625,,
B_to_A,B_to_A,pruned,prefill,pruned-B_to_A@24,7,25,3817.703125,9995.3359375,13813.0390625,0.0,0.0,0.0,0.0,b_to_a_serving_pruned.json,2048,6145.166024565697,4088.07421875,10591.34765625,,
B_to_A,B_to_A,pruned,prefill,pruned-B_to_A@4,27,5,12139.734375,2313.3046875,14453.0390625,0.0,0.0,0.0,0.0,b_to_a_serving_pruned.json,2048,22606.095526367426,12410.10546875,2909.31640625,,
B_to_A,B_to_A,pruned,prefill,pruned-B_to_A@8,23,9,10475.328125,3849.7109375,14325.0390625,0.0,0.0,0.0,0.0,b_to_a_serving_pruned.json,2048,19299.7431345284,10745.69921875,4445.72265625,,
B_early_exit,A_to_B,pruned,prefill,B_early_exit@15,0,15,0,6547.1328125,6547.1328125,,,,,a_to_b_serving_pruned.json,2048,188.75657208263874,8.125,8277.3349609375,,
B_early_exit,B_to_A,pruned,prefill,B_early_exit@17,0,17,0.0,7315.3359375,7315.3359375,,,,,b_to_a_serving_pruned.json,2048,207.892544567585,522.3125,7536.8759765625,,
B_early_exit,A_to_B,pruned,prefill,B_early_exit@23,0,23,0,9619.9453125,9619.9453125,,,,,a_to_b_serving_pruned.json,2048,280.07882088422775,8.125,11606.1474609375,,
B_early_exit,B_to_A,pruned,prefill,B_early_exit@25,0,25,0.0,10388.1484375,10388.1484375,,,,,b_to_a_serving_pruned.json,2048,297.6147122681141,522.3125,10609.6884765625,,
B_early_exit,A_to_B,pruned,prefill,B_early_exit@27,0,27,0,11156.3515625,11156.3515625,,,,,a_to_b_serving_pruned.json,2048,326.36154629290104,8.125,13270.5537109375,,
B_early_exit,B_to_A,pruned,prefill,B_early_exit@5,0,5,0.0,2706.1171875,2706.1171875,,,,,b_to_a_serving_pruned.json,2048,74.65318031609058,522.3125,2927.6572265625,,
B_early_exit,A_to_B,pruned,prefill,B_early_exit@7,0,7,0,3474.3203125,3474.3203125,,,,,a_to_b_serving_pruned.json,2048,97.07344882190228,8.125,4948.5224609375,,
B_early_exit,B_to_A,pruned,prefill,B_early_exit@9,0,9,0.0,4242.5234375,4242.5234375,,,,,b_to_a_serving_pruned.json,2048,119.14808861911297,522.3125,4464.0634765625,,
A_parent,A_to_B,unpruned,decode,pure-RWKV,,,,,,,,,,a_to_b_serving_bench.json,,,,,0.15076482910777697,6632.846705149859
A_parent,B_to_A,unpruned,decode,pure-RWKV,,,,,,,,,,b_to_a_serving_bench.json,,,,,0.15075607415754158,6633.231898536906
A_to_B,A_to_B,unpruned,decode,A_to_B@16,,,,,,,,,,a_to_b_serving_bench.json,,,,,0.14776622917039448,6767.446158803068
A_to_B,A_to_B,unpruned,decode,A_to_B@24,,,,,,,,,,a_to_b_serving_bench.json,,,,,0.14775406323371107,6768.003384233452
A_to_B,A_to_B,unpruned,decode,A_to_B@4,,,,,,,,,,a_to_b_serving_bench.json,,,,,0.14767418216751765,6771.664385218173
A_to_B,A_to_B,unpruned,decode,A_to_B@8,,,,,,,,,,a_to_b_serving_bench.json,,,,,0.14774220482695752,6768.546612467617
B_parent,A_to_B,unpruned,decode,pure-Pythia,,,,,,,,,,a_to_b_serving_bench.json,,,,,9.362155328346486,106.8130109924823
B_parent,B_to_A,unpruned,decode,pure-Pythia,,,,,,,,,,b_to_a_serving_bench.json,,,,,9.491199863187788,105.36075674463063
B_to_A,B_to_A,unpruned,decode,B_to_A@16,,,,,,,,,,b_to_a_serving_bench.json,,,,,0.14819234290061012,6747.986977105029
B_to_A,B_to_A,unpruned,decode,B_to_A@24,,,,,,,,,,b_to_a_serving_bench.json,,,,,0.14820126437649614,6747.580759227276
B_to_A,B_to_A,unpruned,decode,B_to_A@4,,,,,,,,,,b_to_a_serving_bench.json,,,,,0.1481795486437001,6748.569618095644
B_to_A,B_to_A,unpruned,decode,B_to_A@8,,,,,,,,,,b_to_a_serving_bench.json,,,,,0.14821452036189772,6746.977270231582
A_parent,A_to_B,unpruned,prefill,pure-RWKV,,,,,,,,,,a_to_b_serving_bench.json,512,6538.237692788243,14174.98828125,14112.87890625,,
A_parent,B_to_A,unpruned,prefill,pure-RWKV,,,,,,,,,,b_to_a_serving_bench.json,512,6559.039378538728,14687.17578125,13085.9853515625,,
A_to_B,A_to_B,unpruned,prefill,A_to_B@16,,,,,,,,,,a_to_b_serving_bench.json,512,6653.525911271572,14294.98828125,14426.8828125,,
A_to_B,A_to_B,unpruned,prefill,A_to_B@24,,,,,,,,,,a_to_b_serving_bench.json,512,6662.358161062002,14294.98828125,14426.8828125,,
A_to_B,A_to_B,unpruned,prefill,A_to_B@4,,,,,,,,,,a_to_b_serving_bench.json,512,6661.413436755538,14294.98828125,14426.8828125,,
A_to_B,A_to_B,unpruned,prefill,A_to_B@8,,,,,,,,,,a_to_b_serving_bench.json,512,6674.449376761913,14294.98828125,14426.8828125,,
B_parent,A_to_B,unpruned,prefill,pure-Pythia,,,,,,,,,,a_to_b_serving_bench.json,512,98.78120757639408,14108.984375,14422.8828125,,
B_parent,B_to_A,unpruned,prefill,pure-Pythia,,,,,,,,,,b_to_a_serving_bench.json,512,96.99401445686817,14623.171875,13139.9892578125,,
B_to_A,B_to_A,unpruned,prefill,B_to_A@16,,,,,,,,,,b_to_a_serving_bench.json,512,6633.155716583133,14692.17578125,13143.9892578125,,
B_to_A,B_to_A,unpruned,prefill,B_to_A@24,,,,,,,,,,b_to_a_serving_bench.json,512,6633.967388421297,14692.17578125,13143.9892578125,,
B_to_A,B_to_A,unpruned,prefill,B_to_A@4,,,,,,,,,,b_to_a_serving_bench.json,512,6639.6748945117,14692.17578125,13143.9892578125,,
B_to_A,B_to_A,unpruned,prefill,B_to_A@8,,,,,,,,,,b_to_a_serving_bench.json,512,6631.293946877122,14692.17578125,13143.9892578125,,
A_parent,A_to_B,unpruned,prefill,pure-RWKV,,,,,,,,,,a_to_b_serving_bench.json,2048,25933.40357206762,14367.0,14112.87890625,,
A_parent,B_to_A,unpruned,prefill,pure-RWKV,,,,,,,,,,b_to_a_serving_bench.json,2048,25998.651644214988,14880.1875,13085.9853515625,,
A_to_B,A_to_B,unpruned,prefill,A_to_B@16,,,,,,,,,,a_to_b_serving_bench.json,2048,26385.834662243724,14847.0,15365.29296875,,
A_to_B,A_to_B,unpruned,prefill,A_to_B@24,,,,,,,,,,a_to_b_serving_bench.json,2048,26410.762568935752,14847.0,15365.29296875,,
A_to_B,A_to_B,unpruned,prefill,A_to_B@4,,,,,,,,,,a_to_b_serving_bench.json,2048,26404.51119840145,14847.0,15365.29296875,,
A_to_B,A_to_B,unpruned,prefill,A_to_B@8,,,,,,,,,,a_to_b_serving_bench.json,2048,26390.362294390798,14847.0,15365.29296875,,
B_parent,A_to_B,unpruned,prefill,pure-Pythia,,,,,,,,,,a_to_b_serving_bench.json,2048,385.47067530453205,14108.984375,15349.29296875,,
B_parent,B_to_A,unpruned,prefill,pure-Pythia,,,,,,,,,,b_to_a_serving_bench.json,2048,376.85259245336056,14624.171875,13298.3994140625,,
B_to_A,B_to_A,unpruned,prefill,B_to_A@16,,,,,,,,,,b_to_a_serving_bench.json,2048,26436.04265898466,14896.1875,13314.3994140625,,
B_to_A,B_to_A,unpruned,prefill,B_to_A@24,,,,,,,,,,b_to_a_serving_bench.json,2048,26438.328243792057,14896.1875,13314.3994140625,,
B_to_A,B_to_A,unpruned,prefill,B_to_A@4,,,,,,,,,,b_to_a_serving_bench.json,2048,26439.20554406941,14896.1875,13314.3994140625,,
B_to_A,B_to_A,unpruned,prefill,B_to_A@8,,,,,,,,,,b_to_a_serving_bench.json,2048,26434.88191254437,14896.1875,13314.3994140625,,
