execution_path,producer_path,result_type,task,alpha,layer,config,value,n_items,source_file
A_to_B,A_to_B,qa_accuracy_norm,arc_easy,1.0,4,A_to_B@4,0.5959595959595959,2376,cross_family_mlp_intervention_arc.json
A_to_B,A_to_B,qa_accuracy_norm,arc_easy,0.0,4,A_to_B_alpha0@4,0.31902356902356904,2376,cross_family_mlp_intervention_arc.json
B_to_A,B_to_A,qa_accuracy_norm,arc_easy,1.0,4,B_to_A@4,0.6220538720538721,2376,cross_family_mlp_intervention_arc.json
B_to_A,B_to_A,qa_accuracy_norm,arc_easy,0.0,4,B_to_A_alpha0@4,0.31776094276094274,2376,cross_family_mlp_intervention_arc.json
A_to_B,A_to_B,qa_accuracy_norm,arc_easy,1.0,8,A_to_B@8,0.5896464646464646,2376,cross_family_mlp_intervention_arc.json
A_to_B,A_to_B,qa_accuracy_norm,arc_easy,0.0,8,A_to_B_alpha0@8,0.29924242424242425,2376,cross_family_mlp_intervention_arc.json
B_to_A,B_to_A,qa_accuracy_norm,arc_easy,1.0,8,B_to_A@8,0.5728114478114478,2376,cross_family_mlp_intervention_arc.json
B_to_A,B_to_A,qa_accuracy_norm,arc_easy,0.0,8,B_to_A_alpha0@8,0.3552188552188552,2376,cross_family_mlp_intervention_arc.json
A_to_B,A_to_B,qa_accuracy_norm,arc_easy,1.0,16,A_to_B@16,0.4861111111111111,2376,cross_family_mlp_intervention_arc.json
A_to_B,A_to_B,qa_accuracy_norm,arc_easy,0.0,16,A_to_B_alpha0@16,0.28535353535353536,2376,cross_family_mlp_intervention_arc.json
B_to_A,B_to_A,qa_accuracy_norm,arc_easy,1.0,16,B_to_A@16,0.5749158249158249,2376,cross_family_mlp_intervention_arc.json
B_to_A,B_to_A,qa_accuracy_norm,arc_easy,0.0,16,B_to_A_alpha0@16,0.43686868686868685,2376,cross_family_mlp_intervention_arc.json
A_to_B,A_to_B,qa_accuracy_norm,arc_easy,1.0,24,A_to_B@24,0.4696969696969697,2376,cross_family_mlp_intervention_arc.json
A_to_B,A_to_B,qa_accuracy_norm,arc_easy,0.0,24,A_to_B_alpha0@24,0.3480639730639731,2376,cross_family_mlp_intervention_arc.json
B_to_A,B_to_A,qa_accuracy_norm,arc_easy,1.0,24,B_to_A@24,0.5959595959595959,2376,cross_family_mlp_intervention_arc.json
B_to_A,B_to_A,qa_accuracy_norm,arc_easy,0.0,24,B_to_A_alpha0@24,0.48358585858585856,2376,cross_family_mlp_intervention_arc.json
A_to_B,A_to_B,representation_r2,held_out_residuals,0.0,4,,-0.4439355134963989,,cross_family_mlp_intervention_arc.json
A_to_B,A_to_B,representation_r2,held_out_residuals,0.25,4,,-0.5074034929275513,,cross_family_mlp_intervention_arc.json
A_to_B,A_to_B,representation_r2,held_out_residuals,0.5,4,,0.34225887060165405,,cross_family_mlp_intervention_arc.json
A_to_B,A_to_B,representation_r2,held_out_residuals,0.75,4,,0.5227100253105164,,cross_family_mlp_intervention_arc.json
A_to_B,A_to_B,representation_r2,held_out_residuals,1.0,4,,0.5698650479316711,,cross_family_mlp_intervention_arc.json
B_to_A,B_to_A,representation_r2,held_out_residuals,0.0,4,,-0.35439610481262207,,cross_family_mlp_intervention_arc.json
B_to_A,B_to_A,representation_r2,held_out_residuals,0.25,4,,-1.3354899883270264,,cross_family_mlp_intervention_arc.json
B_to_A,B_to_A,representation_r2,held_out_residuals,0.5,4,,0.26952284574508667,,cross_family_mlp_intervention_arc.json
B_to_A,B_to_A,representation_r2,held_out_residuals,0.75,4,,0.505638599395752,,cross_family_mlp_intervention_arc.json
B_to_A,B_to_A,representation_r2,held_out_residuals,1.0,4,,0.5521141886711121,,cross_family_mlp_intervention_arc.json
A_to_B,A_to_B,representation_r2,held_out_residuals,0.0,10,,-0.40327394008636475,,cross_family_mlp_intervention_arc.json
A_to_B,A_to_B,representation_r2,held_out_residuals,0.25,10,,-0.46944165229797363,,cross_family_mlp_intervention_arc.json
A_to_B,A_to_B,representation_r2,held_out_residuals,0.5,10,,0.3584005832672119,,cross_family_mlp_intervention_arc.json
A_to_B,A_to_B,representation_r2,held_out_residuals,0.75,10,,0.5201852321624756,,cross_family_mlp_intervention_arc.json
A_to_B,A_to_B,representation_r2,held_out_residuals,1.0,10,,0.5663868188858032,,cross_family_mlp_intervention_arc.json
B_to_A,B_to_A,representation_r2,held_out_residuals,0.0,10,,-0.3122607469558716,,cross_family_mlp_intervention_arc.json
B_to_A,B_to_A,representation_r2,held_out_residuals,0.25,10,,-1.0061025619506836,,cross_family_mlp_intervention_arc.json
B_to_A,B_to_A,representation_r2,held_out_residuals,0.5,10,,0.30800843238830566,,cross_family_mlp_intervention_arc.json
B_to_A,B_to_A,representation_r2,held_out_residuals,0.75,10,,0.4923526644706726,,cross_family_mlp_intervention_arc.json
B_to_A,B_to_A,representation_r2,held_out_residuals,1.0,10,,0.5357943177223206,,cross_family_mlp_intervention_arc.json
A_to_B,A_to_B,representation_r2,held_out_residuals,0.0,16,,-0.3850822448730469,,cross_family_mlp_intervention_arc.json
A_to_B,A_to_B,representation_r2,held_out_residuals,0.25,16,,-0.8456530570983887,,cross_family_mlp_intervention_arc.json
A_to_B,A_to_B,representation_r2,held_out_residuals,0.5,16,,0.3705717921257019,,cross_family_mlp_intervention_arc.json
A_to_B,A_to_B,representation_r2,held_out_residuals,0.75,16,,0.5301457047462463,,cross_family_mlp_intervention_arc.json
A_to_B,A_to_B,representation_r2,held_out_residuals,1.0,16,,0.5747405290603638,,cross_family_mlp_intervention_arc.json
B_to_A,B_to_A,representation_r2,held_out_residuals,0.0,16,,-0.2743566036224365,,cross_family_mlp_intervention_arc.json
B_to_A,B_to_A,representation_r2,held_out_residuals,0.25,16,,-0.4889717102050781,,cross_family_mlp_intervention_arc.json
B_to_A,B_to_A,representation_r2,held_out_residuals,0.5,16,,0.41071903705596924,,cross_family_mlp_intervention_arc.json
B_to_A,B_to_A,representation_r2,held_out_residuals,0.75,16,,0.5611261129379272,,cross_family_mlp_intervention_arc.json
B_to_A,B_to_A,representation_r2,held_out_residuals,1.0,16,,0.6043704748153687,,cross_family_mlp_intervention_arc.json
A_to_B,A_to_B,representation_r2,held_out_residuals,0.0,22,,-0.3810616731643677,,cross_family_mlp_intervention_arc.json
A_to_B,A_to_B,representation_r2,held_out_residuals,0.25,22,,-1.056074619293213,,cross_family_mlp_intervention_arc.json
A_to_B,A_to_B,representation_r2,held_out_residuals,0.5,22,,0.3691827654838562,,cross_family_mlp_intervention_arc.json
A_to_B,A_to_B,representation_r2,held_out_residuals,0.75,22,,0.53289794921875,,cross_family_mlp_intervention_arc.json
A_to_B,A_to_B,representation_r2,held_out_residuals,1.0,22,,0.5761587619781494,,cross_family_mlp_intervention_arc.json
B_to_A,B_to_A,representation_r2,held_out_residuals,0.0,22,,-0.2852288484573364,,cross_family_mlp_intervention_arc.json
B_to_A,B_to_A,representation_r2,held_out_residuals,0.25,22,,-0.24399542808532715,,cross_family_mlp_intervention_arc.json
B_to_A,B_to_A,representation_r2,held_out_residuals,0.5,22,,0.43041110038757324,,cross_family_mlp_intervention_arc.json
B_to_A,B_to_A,representation_r2,held_out_residuals,0.75,22,,0.5765728950500488,,cross_family_mlp_intervention_arc.json
B_to_A,B_to_A,representation_r2,held_out_residuals,1.0,22,,0.6215012073516846,,cross_family_mlp_intervention_arc.json
A_to_B,A_to_B,representation_r2,held_out_residuals,0.0,28,,-0.41913819313049316,,cross_family_mlp_intervention_arc.json
A_to_B,A_to_B,representation_r2,held_out_residuals,0.25,28,,-0.8685811758041382,,cross_family_mlp_intervention_arc.json
A_to_B,A_to_B,representation_r2,held_out_residuals,0.5,28,,0.30015212297439575,,cross_family_mlp_intervention_arc.json
A_to_B,A_to_B,representation_r2,held_out_residuals,0.75,28,,0.4837537407875061,,cross_family_mlp_intervention_arc.json
A_to_B,A_to_B,representation_r2,held_out_residuals,1.0,28,,0.5274918675422668,,cross_family_mlp_intervention_arc.json
B_to_A,B_to_A,representation_r2,held_out_residuals,0.0,28,,-0.29760241508483887,,cross_family_mlp_intervention_arc.json
B_to_A,B_to_A,representation_r2,held_out_residuals,0.25,28,,-0.21681559085845947,,cross_family_mlp_intervention_arc.json
B_to_A,B_to_A,representation_r2,held_out_residuals,0.5,28,,0.39999401569366455,,cross_family_mlp_intervention_arc.json
B_to_A,B_to_A,representation_r2,held_out_residuals,0.75,28,,0.538752555847168,,cross_family_mlp_intervention_arc.json
B_to_A,B_to_A,representation_r2,held_out_residuals,1.0,28,,0.5823310613632202,,cross_family_mlp_intervention_arc.json
A_to_B,A_to_B,qa_accuracy_norm,sciq,1.0,4,A_to_B@4,0.709,1000,cross_family_mlp_intervention_sciq.json
A_to_B,A_to_B,qa_accuracy_norm,sciq,0.0,4,A_to_B_alpha0@4,0.313,1000,cross_family_mlp_intervention_sciq.json
B_to_A,B_to_A,qa_accuracy_norm,sciq,1.0,4,B_to_A@4,0.692,1000,cross_family_mlp_intervention_sciq.json
B_to_A,B_to_A,qa_accuracy_norm,sciq,0.0,4,B_to_A_alpha0@4,0.326,1000,cross_family_mlp_intervention_sciq.json
A_to_B,A_to_B,qa_accuracy_norm,sciq,1.0,8,A_to_B@8,0.677,1000,cross_family_mlp_intervention_sciq.json
A_to_B,A_to_B,qa_accuracy_norm,sciq,0.0,8,A_to_B_alpha0@8,0.314,1000,cross_family_mlp_intervention_sciq.json
B_to_A,B_to_A,qa_accuracy_norm,sciq,1.0,8,B_to_A@8,0.646,1000,cross_family_mlp_intervention_sciq.json
B_to_A,B_to_A,qa_accuracy_norm,sciq,0.0,8,B_to_A_alpha0@8,0.37,1000,cross_family_mlp_intervention_sciq.json
A_to_B,A_to_B,qa_accuracy_norm,sciq,1.0,16,A_to_B@16,0.545,1000,cross_family_mlp_intervention_sciq.json
A_to_B,A_to_B,qa_accuracy_norm,sciq,0.0,16,A_to_B_alpha0@16,0.317,1000,cross_family_mlp_intervention_sciq.json
B_to_A,B_to_A,qa_accuracy_norm,sciq,1.0,16,B_to_A@16,0.68,1000,cross_family_mlp_intervention_sciq.json
B_to_A,B_to_A,qa_accuracy_norm,sciq,0.0,16,B_to_A_alpha0@16,0.473,1000,cross_family_mlp_intervention_sciq.json
A_to_B,A_to_B,qa_accuracy_norm,sciq,1.0,24,A_to_B@24,0.511,1000,cross_family_mlp_intervention_sciq.json
A_to_B,A_to_B,qa_accuracy_norm,sciq,0.0,24,A_to_B_alpha0@24,0.4,1000,cross_family_mlp_intervention_sciq.json
B_to_A,B_to_A,qa_accuracy_norm,sciq,1.0,24,B_to_A@24,0.699,1000,cross_family_mlp_intervention_sciq.json
B_to_A,B_to_A,qa_accuracy_norm,sciq,0.0,24,B_to_A_alpha0@24,0.491,1000,cross_family_mlp_intervention_sciq.json
