execution_path,producer_path,source_model,target_model,task,config,config_type,switch_layer,accuracy_sum,accuracy_norm,n_items,chance,source_file,transformer_blocks
A_parent,A_to_B,RWKV-Raven-7B,Tulu-Pythia-6.9B,arc_easy,rwkv,rwkv,,0.6755050505050505,0.6178451178451179,2376,0.25,a_to_b_qa_items_arc.json,
B_parent,A_to_B,RWKV-Raven-7B,Tulu-Pythia-6.9B,arc_easy,pythia,pythia,,0.6822390572390572,0.6531986531986532,2376,0.25,a_to_b_qa_items_arc.json,
A_to_A,B_to_A,Tulu-Pythia-6.9B,RWKV-Raven-7B,arc_easy,A_to_A@4,A_to_A,4,0.6384680134680135,0.6283670033670034,2376,0.25,b_to_a_qa_items_arc.json,
A_to_B,A_to_B,RWKV-Raven-7B,Tulu-Pythia-6.9B,arc_easy,A_to_B@4,A_to_B,4,0.6064814814814815,0.5959595959595959,2376,0.25,a_to_b_qa_items_arc.json,
A_to_B,A_to_B,RWKV-Raven-7B,Tulu-Pythia-6.9B,arc_easy,A_to_B_affine@4,A_to_B_affine,4,0.4377104377104377,0.4187710437710438,2376,0.25,a_to_b_qa_items_arc.json,
A_to_B,A_to_B,RWKV-Raven-7B,Tulu-Pythia-6.9B,arc_easy,A_to_B_alpha0@4,A_to_B_alpha0,4,,0.31902356902356904,2376,0.25,a_to_b_qa_items_arc.json,
B_to_B,A_to_B,RWKV-Raven-7B,Tulu-Pythia-6.9B,arc_easy,B_to_B@4,B_to_B,4,0.6405723905723906,0.6216329966329966,2376,0.25,a_to_b_qa_items_arc.json,
B_to_A,B_to_A,Tulu-Pythia-6.9B,RWKV-Raven-7B,arc_easy,B_to_A@4,B_to_A,4,0.6292087542087542,0.6220538720538721,2376,0.25,b_to_a_qa_items_arc.json,
B_to_A,B_to_A,Tulu-Pythia-6.9B,RWKV-Raven-7B,arc_easy,B_to_A_affine@4,B_to_A_affine,4,0.6165824915824916,0.6022727272727273,2376,0.25,b_to_a_qa_items_arc.json,
B_to_A,B_to_A,Tulu-Pythia-6.9B,RWKV-Raven-7B,arc_easy,B_to_A_alpha0@4,B_to_A_alpha0,4,0.3005050505050505,0.31776094276094274,2376,0.25,b_to_a_qa_items_arc.json,
B_early_exit,A_to_B,RWKV-Raven-7B,Tulu-Pythia-6.9B,arc_easy,B_early_exit@27,early_exit,4,,0.5980639730639731,2376,0.25,a_to_b_exit_items_arc.json,27
B_early_exit,B_to_A,Tulu-Pythia-6.9B,RWKV-Raven-7B,arc_easy,B_early_exit@5,early_exit,4,,0.2680976430976431,2376,0.25,b_to_a_exit_items_arc.json,5
A_to_A,B_to_A,Tulu-Pythia-6.9B,RWKV-Raven-7B,arc_easy,A_to_A@8,A_to_A,8,0.6414141414141414,0.5984848484848485,2376,0.25,b_to_a_qa_items_arc.json,
A_to_B,A_to_B,RWKV-Raven-7B,Tulu-Pythia-6.9B,arc_easy,A_to_B@8,A_to_B,8,0.6191077441077442,0.5896464646464646,2376,0.25,a_to_b_qa_items_arc.json,
A_to_B,A_to_B,RWKV-Raven-7B,Tulu-Pythia-6.9B,arc_easy,A_to_B_affine@8,A_to_B_affine,8,0.4292929292929293,0.4305555555555556,2376,0.25,a_to_b_qa_items_arc.json,
A_to_B,A_to_B,RWKV-Raven-7B,Tulu-Pythia-6.9B,arc_easy,A_to_B_alpha0@8,A_to_B_alpha0,8,,0.29924242424242425,2376,0.25,a_to_b_qa_items_arc.json,
B_to_B,A_to_B,RWKV-Raven-7B,Tulu-Pythia-6.9B,arc_easy,B_to_B@8,B_to_B,8,0.6540404040404041,0.6266835016835017,2376,0.25,a_to_b_qa_items_arc.json,
B_to_A,B_to_A,Tulu-Pythia-6.9B,RWKV-Raven-7B,arc_easy,B_to_A@8,B_to_A,8,0.6035353535353535,0.5728114478114478,2376,0.25,b_to_a_qa_items_arc.json,
B_to_A,B_to_A,Tulu-Pythia-6.9B,RWKV-Raven-7B,arc_easy,B_to_A_affine@8,B_to_A_affine,8,0.5829124579124579,0.5601851851851852,2376,0.25,b_to_a_qa_items_arc.json,
B_to_A,B_to_A,Tulu-Pythia-6.9B,RWKV-Raven-7B,arc_easy,B_to_A_alpha0@8,B_to_A_alpha0,8,0.3392255892255892,0.3552188552188552,2376,0.25,b_to_a_qa_items_arc.json,
B_early_exit,A_to_B,RWKV-Raven-7B,Tulu-Pythia-6.9B,arc_easy,B_early_exit@23,early_exit,8,,0.5408249158249159,2376,0.25,a_to_b_exit_items_arc.json,23
B_early_exit,B_to_A,Tulu-Pythia-6.9B,RWKV-Raven-7B,arc_easy,B_early_exit@9,early_exit,8,,0.2967171717171717,2376,0.25,b_to_a_exit_items_arc.json,9
A_to_A,B_to_A,Tulu-Pythia-6.9B,RWKV-Raven-7B,arc_easy,A_to_A@16,A_to_A,16,0.5963804713804713,0.5475589225589226,2376,0.25,b_to_a_qa_items_arc.json,
A_to_B,A_to_B,RWKV-Raven-7B,Tulu-Pythia-6.9B,arc_easy,A_to_B@16,A_to_B,16,0.5168350168350169,0.4861111111111111,2376,0.25,a_to_b_qa_items_arc.json,
A_to_B,A_to_B,RWKV-Raven-7B,Tulu-Pythia-6.9B,arc_easy,A_to_B_affine@16,A_to_B_affine,16,0.35185185185185186,0.3484848484848485,2376,0.25,a_to_b_qa_items_arc.json,
A_to_B,A_to_B,RWKV-Raven-7B,Tulu-Pythia-6.9B,arc_easy,A_to_B_alpha0@16,A_to_B_alpha0,16,,0.28535353535353536,2376,0.25,a_to_b_qa_items_arc.json,
B_to_B,A_to_B,RWKV-Raven-7B,Tulu-Pythia-6.9B,arc_easy,B_to_B@16,B_to_B,16,0.5980639730639731,0.5736531986531986,2376,0.25,a_to_b_qa_items_arc.json,
B_to_A,B_to_A,Tulu-Pythia-6.9B,RWKV-Raven-7B,arc_easy,B_to_A@16,B_to_A,16,0.6026936026936027,0.5749158249158249,2376,0.25,b_to_a_qa_items_arc.json,
B_to_A,B_to_A,Tulu-Pythia-6.9B,RWKV-Raven-7B,arc_easy,B_to_A_affine@16,B_to_A_affine,16,0.5980639730639731,0.5749158249158249,2376,0.25,b_to_a_qa_items_arc.json,
B_to_A,B_to_A,Tulu-Pythia-6.9B,RWKV-Raven-7B,arc_easy,B_to_A_alpha0@16,B_to_A_alpha0,16,0.4057239057239057,0.43686868686868685,2376,0.25,b_to_a_qa_items_arc.json,
B_early_exit,A_to_B,RWKV-Raven-7B,Tulu-Pythia-6.9B,arc_easy,B_early_exit@15,early_exit,16,,0.37373737373737376,2376,0.25,a_to_b_exit_items_arc.json,15
B_early_exit,B_to_A,Tulu-Pythia-6.9B,RWKV-Raven-7B,arc_easy,B_early_exit@17,early_exit,16,,0.40614478114478114,2376,0.25,b_to_a_exit_items_arc.json,17
A_to_A,B_to_A,Tulu-Pythia-6.9B,RWKV-Raven-7B,arc_easy,A_to_A@24,A_to_A,24,0.5475589225589226,0.5218855218855218,2376,0.25,b_to_a_qa_items_arc.json,
A_to_B,A_to_B,RWKV-Raven-7B,Tulu-Pythia-6.9B,arc_easy,A_to_B@24,A_to_B,24,0.48737373737373735,0.4696969696969697,2376,0.25,a_to_b_qa_items_arc.json,
A_to_B,A_to_B,RWKV-Raven-7B,Tulu-Pythia-6.9B,arc_easy,A_to_B_affine@24,A_to_B_affine,24,0.4006734006734007,0.3939393939393939,2376,0.25,a_to_b_qa_items_arc.json,
A_to_B,A_to_B,RWKV-Raven-7B,Tulu-Pythia-6.9B,arc_easy,A_to_B_alpha0@24,A_to_B_alpha0,24,,0.3480639730639731,2376,0.25,a_to_b_qa_items_arc.json,
B_to_B,A_to_B,RWKV-Raven-7B,Tulu-Pythia-6.9B,arc_easy,B_to_B@24,B_to_B,24,0.601010101010101,0.5942760942760943,2376,0.25,a_to_b_qa_items_arc.json,
B_to_A,B_to_A,Tulu-Pythia-6.9B,RWKV-Raven-7B,arc_easy,B_to_A@24,B_to_A,24,0.5829124579124579,0.5959595959595959,2376,0.25,b_to_a_qa_items_arc.json,
B_to_A,B_to_A,Tulu-Pythia-6.9B,RWKV-Raven-7B,arc_easy,B_to_A_affine@24,B_to_A_affine,24,0.5740740740740741,0.5917508417508418,2376,0.25,b_to_a_qa_items_arc.json,
B_to_A,B_to_A,Tulu-Pythia-6.9B,RWKV-Raven-7B,arc_easy,B_to_A_alpha0@24,B_to_A_alpha0,24,0.44023569023569026,0.48358585858585856,2376,0.25,b_to_a_qa_items_arc.json,
B_early_exit,B_to_A,Tulu-Pythia-6.9B,RWKV-Raven-7B,arc_easy,B_early_exit@25,early_exit,24,,0.5753367003367004,2376,0.25,b_to_a_exit_items_arc.json,25
B_early_exit,A_to_B,RWKV-Raven-7B,Tulu-Pythia-6.9B,arc_easy,B_early_exit@7,early_exit,24,,0.2849326599326599,2376,0.25,a_to_b_exit_items_arc.json,7
A_parent,A_to_B,RWKV-Raven-7B,Tulu-Pythia-6.9B,sciq,rwkv,rwkv,,0.715,0.67,1000,0.25,a_to_b_qa_items_sciq.json,
B_parent,A_to_B,RWKV-Raven-7B,Tulu-Pythia-6.9B,sciq,pythia,pythia,,0.789,0.81,1000,0.25,a_to_b_qa_items_sciq.json,
A_to_A,B_to_A,Tulu-Pythia-6.9B,RWKV-Raven-7B,sciq,A_to_A@4,A_to_A,4,0.664,0.685,1000,0.25,b_to_a_qa_items_sciq.json,
A_to_B,A_to_B,RWKV-Raven-7B,Tulu-Pythia-6.9B,sciq,A_to_B@4,A_to_B,4,0.688,0.709,1000,0.25,a_to_b_qa_items_sciq.json,
A_to_B,A_to_B,RWKV-Raven-7B,Tulu-Pythia-6.9B,sciq,A_to_B_affine@4,A_to_B_affine,4,0.414,0.475,1000,0.25,a_to_b_qa_items_sciq.json,
A_to_B,A_to_B,RWKV-Raven-7B,Tulu-Pythia-6.9B,sciq,A_to_B_alpha0@4,A_to_B_alpha0,4,,0.313,1000,0.25,a_to_b_qa_items_sciq.json,
B_to_B,A_to_B,RWKV-Raven-7B,Tulu-Pythia-6.9B,sciq,B_to_B@4,B_to_B,4,0.738,0.748,1000,0.25,a_to_b_qa_items_sciq.json,
B_to_A,B_to_A,Tulu-Pythia-6.9B,RWKV-Raven-7B,sciq,B_to_A@4,B_to_A,4,0.658,0.692,1000,0.25,b_to_a_qa_items_sciq.json,
B_to_A,B_to_A,Tulu-Pythia-6.9B,RWKV-Raven-7B,sciq,B_to_A_affine@4,B_to_A_affine,4,0.641,0.696,1000,0.25,b_to_a_qa_items_sciq.json,
B_to_A,B_to_A,Tulu-Pythia-6.9B,RWKV-Raven-7B,sciq,B_to_A_alpha0@4,B_to_A_alpha0,4,0.269,0.326,1000,0.25,b_to_a_qa_items_sciq.json,
B_early_exit,A_to_B,RWKV-Raven-7B,Tulu-Pythia-6.9B,sciq,B_early_exit@27,early_exit,4,,0.718,1000,0.25,a_to_b_exit_items_sciq.json,27
B_early_exit,B_to_A,Tulu-Pythia-6.9B,RWKV-Raven-7B,sciq,B_early_exit@5,early_exit,4,,0.305,1000,0.25,b_to_a_exit_items_sciq.json,5
A_to_A,B_to_A,Tulu-Pythia-6.9B,RWKV-Raven-7B,sciq,A_to_A@8,A_to_A,8,0.659,0.667,1000,0.25,b_to_a_qa_items_sciq.json,
A_to_B,A_to_B,RWKV-Raven-7B,Tulu-Pythia-6.9B,sciq,A_to_B@8,A_to_B,8,0.672,0.677,1000,0.25,a_to_b_qa_items_sciq.json,
A_to_B,A_to_B,RWKV-Raven-7B,Tulu-Pythia-6.9B,sciq,A_to_B_affine@8,A_to_B_affine,8,0.446,0.491,1000,0.25,a_to_b_qa_items_sciq.json,
A_to_B,A_to_B,RWKV-Raven-7B,Tulu-Pythia-6.9B,sciq,A_to_B_alpha0@8,A_to_B_alpha0,8,,0.314,1000,0.25,a_to_b_qa_items_sciq.json,
B_to_B,A_to_B,RWKV-Raven-7B,Tulu-Pythia-6.9B,sciq,B_to_B@8,B_to_B,8,0.748,0.748,1000,0.25,a_to_b_qa_items_sciq.json,
B_to_A,B_to_A,Tulu-Pythia-6.9B,RWKV-Raven-7B,sciq,B_to_A@8,B_to_A,8,0.617,0.646,1000,0.25,b_to_a_qa_items_sciq.json,
B_to_A,B_to_A,Tulu-Pythia-6.9B,RWKV-Raven-7B,sciq,B_to_A_affine@8,B_to_A_affine,8,0.628,0.68,1000,0.25,b_to_a_qa_items_sciq.json,
B_to_A,B_to_A,Tulu-Pythia-6.9B,RWKV-Raven-7B,sciq,B_to_A_alpha0@8,B_to_A_alpha0,8,0.312,0.37,1000,0.25,b_to_a_qa_items_sciq.json,
B_early_exit,A_to_B,RWKV-Raven-7B,Tulu-Pythia-6.9B,sciq,B_early_exit@23,early_exit,8,,0.661,1000,0.25,a_to_b_exit_items_sciq.json,23
B_early_exit,B_to_A,Tulu-Pythia-6.9B,RWKV-Raven-7B,sciq,B_early_exit@9,early_exit,8,,0.33,1000,0.25,b_to_a_exit_items_sciq.json,9
A_to_A,B_to_A,Tulu-Pythia-6.9B,RWKV-Raven-7B,sciq,A_to_A@16,A_to_A,16,0.613,0.598,1000,0.25,b_to_a_qa_items_sciq.json,
A_to_B,A_to_B,RWKV-Raven-7B,Tulu-Pythia-6.9B,sciq,A_to_B@16,A_to_B,16,0.488,0.545,1000,0.25,a_to_b_qa_items_sciq.json,
A_to_B,A_to_B,RWKV-Raven-7B,Tulu-Pythia-6.9B,sciq,A_to_B_affine@16,A_to_B_affine,16,0.284,0.359,1000,0.25,a_to_b_qa_items_sciq.json,
A_to_B,A_to_B,RWKV-Raven-7B,Tulu-Pythia-6.9B,sciq,A_to_B_alpha0@16,A_to_B_alpha0,16,,0.317,1000,0.25,a_to_b_qa_items_sciq.json,
B_to_B,A_to_B,RWKV-Raven-7B,Tulu-Pythia-6.9B,sciq,B_to_B@16,B_to_B,16,0.673,0.711,1000,0.25,a_to_b_qa_items_sciq.json,
B_to_A,B_to_A,Tulu-Pythia-6.9B,RWKV-Raven-7B,sciq,B_to_A@16,B_to_A,16,0.666,0.68,1000,0.25,b_to_a_qa_items_sciq.json,
B_to_A,B_to_A,Tulu-Pythia-6.9B,RWKV-Raven-7B,sciq,B_to_A_affine@16,B_to_A_affine,16,0.646,0.696,1000,0.25,b_to_a_qa_items_sciq.json,
B_to_A,B_to_A,Tulu-Pythia-6.9B,RWKV-Raven-7B,sciq,B_to_A_alpha0@16,B_to_A_alpha0,16,0.407,0.473,1000,0.25,b_to_a_qa_items_sciq.json,
B_early_exit,A_to_B,RWKV-Raven-7B,Tulu-Pythia-6.9B,sciq,B_early_exit@15,early_exit,16,,0.417,1000,0.25,a_to_b_exit_items_sciq.json,15
B_early_exit,B_to_A,Tulu-Pythia-6.9B,RWKV-Raven-7B,sciq,B_early_exit@17,early_exit,16,,0.501,1000,0.25,b_to_a_exit_items_sciq.json,17
A_to_A,B_to_A,Tulu-Pythia-6.9B,RWKV-Raven-7B,sciq,A_to_A@24,A_to_A,24,0.567,0.579,1000,0.25,b_to_a_qa_items_sciq.json,
A_to_B,A_to_B,RWKV-Raven-7B,Tulu-Pythia-6.9B,sciq,A_to_B@24,A_to_B,24,0.454,0.511,1000,0.25,a_to_b_qa_items_sciq.json,
A_to_B,A_to_B,RWKV-Raven-7B,Tulu-Pythia-6.9B,sciq,A_to_B_affine@24,A_to_B_affine,24,0.356,0.427,1000,0.25,a_to_b_qa_items_sciq.json,
A_to_B,A_to_B,RWKV-Raven-7B,Tulu-Pythia-6.9B,sciq,A_to_B_alpha0@24,A_to_B_alpha0,24,,0.4,1000,0.25,a_to_b_qa_items_sciq.json,
B_to_B,A_to_B,RWKV-Raven-7B,Tulu-Pythia-6.9B,sciq,B_to_B@24,B_to_B,24,0.655,0.701,1000,0.25,a_to_b_qa_items_sciq.json,
B_to_A,B_to_A,Tulu-Pythia-6.9B,RWKV-Raven-7B,sciq,B_to_A@24,B_to_A,24,0.618,0.699,1000,0.25,b_to_a_qa_items_sciq.json,
B_to_A,B_to_A,Tulu-Pythia-6.9B,RWKV-Raven-7B,sciq,B_to_A_affine@24,B_to_A_affine,24,0.593,0.682,1000,0.25,b_to_a_qa_items_sciq.json,
B_to_A,B_to_A,Tulu-Pythia-6.9B,RWKV-Raven-7B,sciq,B_to_A_alpha0@24,B_to_A_alpha0,24,0.445,0.491,1000,0.25,b_to_a_qa_items_sciq.json,
B_early_exit,B_to_A,Tulu-Pythia-6.9B,RWKV-Raven-7B,sciq,B_early_exit@25,early_exit,24,,0.694,1000,0.25,b_to_a_exit_items_sciq.json,25
B_early_exit,A_to_B,RWKV-Raven-7B,Tulu-Pythia-6.9B,sciq,B_early_exit@7,early_exit,24,,0.324,1000,0.25,a_to_b_exit_items_sciq.json,7
