source_layer,target_layer,linear_cka,best_linear_r2,is_diagonal,n_windows,window_tokens,sample_rows,source_file
0,0,0.22815249860286713,0.9358295798301697,True,200,112,22400,all_layer_corr.json
0,1,0.20487873256206512,0.8945712447166443,False,200,112,22400,all_layer_corr.json
0,2,0.23358216881752014,0.8592575788497925,False,200,112,22400,all_layer_corr.json
0,3,0.021611973643302917,0.8798074126243591,False,200,112,22400,all_layer_corr.json
0,4,0.01969430409371853,0.9200053811073303,False,200,112,22400,all_layer_corr.json
0,5,0.018097426742315292,0.9257733821868896,False,200,112,22400,all_layer_corr.json
0,6,0.016349351033568382,0.9275585412979126,False,200,112,22400,all_layer_corr.json
0,7,0.016202008351683617,0.9252574443817139,False,200,112,22400,all_layer_corr.json
0,8,0.01654173992574215,0.923254668712616,False,200,112,22400,all_layer_corr.json
0,9,0.01651202142238617,0.9209290742874146,False,200,112,22400,all_layer_corr.json
0,10,0.016871679574251175,0.9189717173576355,False,200,112,22400,all_layer_corr.json
0,11,0.01758696511387825,0.9167687892913818,False,200,112,22400,all_layer_corr.json
0,12,0.01744350790977478,0.9137442708015442,False,200,112,22400,all_layer_corr.json
0,13,0.01774832047522068,0.9111084342002869,False,200,112,22400,all_layer_corr.json
0,14,0.018364790827035904,0.9083248972892761,False,200,112,22400,all_layer_corr.json
0,15,0.01881878450512886,0.9055804014205933,False,200,112,22400,all_layer_corr.json
0,16,0.019455796107649803,0.9038093090057373,False,200,112,22400,all_layer_corr.json
0,17,0.01873592473566532,0.9007917046546936,False,200,112,22400,all_layer_corr.json
0,18,0.01918288692831993,0.8975319266319275,False,200,112,22400,all_layer_corr.json
0,19,0.018902553245425224,0.8936941623687744,False,200,112,22400,all_layer_corr.json
0,20,0.01814703270792961,0.887921929359436,False,200,112,22400,all_layer_corr.json
0,21,0.017305467277765274,0.8817002773284912,False,200,112,22400,all_layer_corr.json
0,22,0.016027655452489853,0.8739492297172546,False,200,112,22400,all_layer_corr.json
0,23,0.015254472382366657,0.8671163320541382,False,200,112,22400,all_layer_corr.json
0,24,0.014542662538588047,0.8598309755325317,False,200,112,22400,all_layer_corr.json
0,25,0.013785632327198982,0.8519666790962219,False,200,112,22400,all_layer_corr.json
0,26,0.013431861065328121,0.8442752361297607,False,200,112,22400,all_layer_corr.json
0,27,0.013237177394330502,0.8354032039642334,False,200,112,22400,all_layer_corr.json
0,28,0.013130328617990017,0.8277335166931152,False,200,112,22400,all_layer_corr.json
0,29,0.0132798096165061,0.8181062936782837,False,200,112,22400,all_layer_corr.json
0,30,0.014234681613743305,0.8005275726318359,False,200,112,22400,all_layer_corr.json
0,31,0.16299216449260712,0.6244844198226929,False,200,112,22400,all_layer_corr.json
1,0,0.17121967673301697,0.9313230514526367,False,200,112,22400,all_layer_corr.json
1,1,0.17388571798801422,0.8927481770515442,True,200,112,22400,all_layer_corr.json
1,2,0.2091362476348877,0.8603631854057312,False,200,112,22400,all_layer_corr.json
1,3,0.028381377458572388,0.8849841356277466,False,200,112,22400,all_layer_corr.json
1,4,0.0309288427233696,0.929655909538269,False,200,112,22400,all_layer_corr.json
1,5,0.029029060155153275,0.9355250000953674,False,200,112,22400,all_layer_corr.json
1,6,0.026727424934506416,0.9370821714401245,False,200,112,22400,all_layer_corr.json
1,7,0.026322687044739723,0.93475341796875,False,200,112,22400,all_layer_corr.json
1,8,0.02669707126915455,0.9326431751251221,False,200,112,22400,all_layer_corr.json
1,9,0.026493439450860023,0.9303140640258789,False,200,112,22400,all_layer_corr.json
1,10,0.0270805973559618,0.9283666014671326,False,200,112,22400,all_layer_corr.json
1,11,0.02768595516681671,0.9261754751205444,False,200,112,22400,all_layer_corr.json
1,12,0.02729225344955921,0.9230625033378601,False,200,112,22400,all_layer_corr.json
1,13,0.027410877868533134,0.9203441739082336,False,200,112,22400,all_layer_corr.json
1,14,0.02795451134443283,0.9175246953964233,False,200,112,22400,all_layer_corr.json
1,15,0.028055710718035698,0.9146884083747864,False,200,112,22400,all_layer_corr.json
1,16,0.028441352769732475,0.9127776026725769,False,200,112,22400,all_layer_corr.json
1,17,0.027204526588320732,0.9096866846084595,False,200,112,22400,all_layer_corr.json
1,18,0.027474502101540565,0.9063093066215515,False,200,112,22400,all_layer_corr.json
1,19,0.02680445834994316,0.9023462533950806,False,200,112,22400,all_layer_corr.json
1,20,0.02572181634604931,0.8964570760726929,False,200,112,22400,all_layer_corr.json
1,21,0.024660220369696617,0.8901564478874207,False,200,112,22400,all_layer_corr.json
1,22,0.023077338933944702,0.8822872638702393,False,200,112,22400,all_layer_corr.json
1,23,0.02214084379374981,0.8753575682640076,False,200,112,22400,all_layer_corr.json
1,24,0.021258749067783356,0.8680248856544495,False,200,112,22400,all_layer_corr.json
1,25,0.020320715382695198,0.8601254820823669,False,200,112,22400,all_layer_corr.json
1,26,0.019809074699878693,0.8523668050765991,False,200,112,22400,all_layer_corr.json
1,27,0.019399119541049004,0.8434332609176636,False,200,112,22400,all_layer_corr.json
1,28,0.019139401614665985,0.835692286491394,False,200,112,22400,all_layer_corr.json
1,29,0.019153200089931488,0.8259969353675842,False,200,112,22400,all_layer_corr.json
1,30,0.019914712756872177,0.8082925081253052,False,200,112,22400,all_layer_corr.json
1,31,0.16531524062156677,0.6323565244674683,False,200,112,22400,all_layer_corr.json
2,0,0.17241105437278748,0.927034854888916,False,200,112,22400,all_layer_corr.json
2,1,0.17139708995819092,0.8908635377883911,False,200,112,22400,all_layer_corr.json
2,2,0.20733384788036346,0.8608855605125427,True,200,112,22400,all_layer_corr.json
2,3,0.03433706611394882,0.8862100839614868,False,200,112,22400,all_layer_corr.json
2,4,0.03844737261533737,0.9310354590415955,False,200,112,22400,all_layer_corr.json
2,5,0.036396391689777374,0.9368939995765686,False,200,112,22400,all_layer_corr.json
2,6,0.033827975392341614,0.9384667277336121,False,200,112,22400,all_layer_corr.json
2,7,0.03345572575926781,0.9361667633056641,False,200,112,22400,all_layer_corr.json
2,8,0.03388349339365959,0.9340611100196838,False,200,112,22400,all_layer_corr.json
2,9,0.033682771027088165,0.9317504167556763,False,200,112,22400,all_layer_corr.json
2,10,0.03430142626166344,0.9298175573348999,False,200,112,22400,all_layer_corr.json
2,11,0.035040806978940964,0.9276579022407532,False,200,112,22400,all_layer_corr.json
2,12,0.03461705520749092,0.9245790839195251,False,200,112,22400,all_layer_corr.json
2,13,0.03479240834712982,0.9218721389770508,False,200,112,22400,all_layer_corr.json
2,14,0.035460684448480606,0.9190690517425537,False,200,112,22400,all_layer_corr.json
2,15,0.03569978103041649,0.9162212014198303,False,200,112,22400,all_layer_corr.json
2,16,0.036226026713848114,0.9143301248550415,False,200,112,22400,all_layer_corr.json
2,17,0.03489445522427559,0.9112182259559631,False,200,112,22400,all_layer_corr.json
2,18,0.035243842750787735,0.9078590273857117,False,200,112,22400,all_layer_corr.json
2,19,0.03452090546488762,0.9039165377616882,False,200,112,22400,all_layer_corr.json
2,20,0.03320799022912979,0.8980883359909058,False,200,112,22400,all_layer_corr.json
2,21,0.031881868839263916,0.8918692469596863,False,200,112,22400,all_layer_corr.json
2,22,0.029901644214987755,0.8840804100036621,False,200,112,22400,all_layer_corr.json
2,23,0.028676826506853104,0.8772258162498474,False,200,112,22400,all_layer_corr.json
2,24,0.027508603408932686,0.8699700832366943,False,200,112,22400,all_layer_corr.json
2,25,0.026239462196826935,0.8621379733085632,False,200,112,22400,all_layer_corr.json
2,26,0.025500982999801636,0.8544458150863647,False,200,112,22400,all_layer_corr.json
2,27,0.024889741092920303,0.8455907702445984,False,200,112,22400,all_layer_corr.json
2,28,0.024442162364721298,0.8379130959510803,False,200,112,22400,all_layer_corr.json
2,29,0.024294491857290268,0.8283171653747559,False,200,112,22400,all_layer_corr.json
2,30,0.024767817929387093,0.8108238577842712,False,200,112,22400,all_layer_corr.json
2,31,0.15478822588920593,0.6379045248031616,False,200,112,22400,all_layer_corr.json
3,0,0.181136354804039,0.9174501299858093,False,200,112,22400,all_layer_corr.json
3,1,0.16551260650157928,0.8843255639076233,False,200,112,22400,all_layer_corr.json
3,2,0.20086465775966644,0.8583070039749146,False,200,112,22400,all_layer_corr.json
3,3,0.03462691605091095,0.8819858431816101,True,200,112,22400,all_layer_corr.json
3,4,0.03758727386593819,0.926668643951416,False,200,112,22400,all_layer_corr.json
3,5,0.03546096011996269,0.9324884414672852,False,200,112,22400,all_layer_corr.json
3,6,0.03295823931694031,0.9340282678604126,False,200,112,22400,all_layer_corr.json
3,7,0.032675765454769135,0.9318276643753052,False,200,112,22400,all_layer_corr.json
3,8,0.03312689810991287,0.9298046827316284,False,200,112,22400,all_layer_corr.json
3,9,0.03298087418079376,0.9275896549224854,False,200,112,22400,all_layer_corr.json
3,10,0.03355179727077484,0.9256857633590698,False,200,112,22400,all_layer_corr.json
3,11,0.034390609711408615,0.9235663414001465,False,200,112,22400,all_layer_corr.json
3,12,0.03399946913123131,0.920570969581604,False,200,112,22400,all_layer_corr.json
3,13,0.03427622839808464,0.9180121421813965,False,200,112,22400,all_layer_corr.json
3,14,0.03502369299530983,0.9153043627738953,False,200,112,22400,all_layer_corr.json
3,15,0.03544198349118233,0.9126249551773071,False,200,112,22400,all_layer_corr.json
3,16,0.03611699864268303,0.910850465297699,False,200,112,22400,all_layer_corr.json
3,17,0.03486129269003868,0.9078970551490784,False,200,112,22400,all_layer_corr.json
3,18,0.035313911736011505,0.9046791195869446,False,200,112,22400,all_layer_corr.json
3,19,0.03470173478126526,0.9009487628936768,False,200,112,22400,all_layer_corr.json
3,20,0.03339439630508423,0.8954309225082397,False,200,112,22400,all_layer_corr.json
3,21,0.031990502029657364,0.8894349336624146,False,200,112,22400,all_layer_corr.json
3,22,0.029899489134550095,0.8819267153739929,False,200,112,22400,all_layer_corr.json
3,23,0.02856259047985077,0.8752689361572266,False,200,112,22400,all_layer_corr.json
3,24,0.027283865958452225,0.8682088255882263,False,200,112,22400,all_layer_corr.json
3,25,0.02589871920645237,0.860573947429657,False,200,112,22400,all_layer_corr.json
3,26,0.025070354342460632,0.8530665636062622,False,200,112,22400,all_layer_corr.json
3,27,0.024418309330940247,0.8444277048110962,False,200,112,22400,all_layer_corr.json
3,28,0.023902112618088722,0.8369227051734924,False,200,112,22400,all_layer_corr.json
3,29,0.023679407313466072,0.8275442719459534,False,200,112,22400,all_layer_corr.json
3,30,0.023997357115149498,0.8105340003967285,False,200,112,22400,all_layer_corr.json
3,31,0.1442529261112213,0.6440601348876953,False,200,112,22400,all_layer_corr.json
4,0,0.17942838370800018,0.9031922221183777,False,200,112,22400,all_layer_corr.json
4,1,0.1544797122478485,0.8724104762077332,False,200,112,22400,all_layer_corr.json
4,2,0.1859501153230667,0.851205050945282,False,200,112,22400,all_layer_corr.json
4,3,0.03402523323893547,0.8844248056411743,False,200,112,22400,all_layer_corr.json
4,4,0.03644733503460884,0.9292964339256287,True,200,112,22400,all_layer_corr.json
4,5,0.034365128725767136,0.9346880912780762,False,200,112,22400,all_layer_corr.json
4,6,0.031988345086574554,0.9357677102088928,False,200,112,22400,all_layer_corr.json
4,7,0.03182004392147064,0.9335875511169434,False,200,112,22400,all_layer_corr.json
4,8,0.03227633610367775,0.9315744638442993,False,200,112,22400,all_layer_corr.json
4,9,0.03215711563825607,0.9293633699417114,False,200,112,22400,all_layer_corr.json
4,10,0.03270011022686958,0.9275000095367432,False,200,112,22400,all_layer_corr.json
4,11,0.033558521419763565,0.9254475235939026,False,200,112,22400,all_layer_corr.json
4,12,0.03317788615822792,0.9225183725357056,False,200,112,22400,all_layer_corr.json
4,13,0.03353084623813629,0.9199895262718201,False,200,112,22400,all_layer_corr.json
4,14,0.03429099917411804,0.9173381328582764,False,200,112,22400,all_layer_corr.json
4,15,0.03476584330201149,0.9146731495857239,False,200,112,22400,all_layer_corr.json
4,16,0.03550053387880325,0.9129171967506409,False,200,112,22400,all_layer_corr.json
4,17,0.03424585983157158,0.9100408554077148,False,200,112,22400,all_layer_corr.json
4,18,0.034714601933956146,0.9069094657897949,False,200,112,22400,all_layer_corr.json
4,19,0.03409774228930473,0.9032514691352844,False,200,112,22400,all_layer_corr.json
4,20,0.032785192131996155,0.8979435563087463,False,200,112,22400,all_layer_corr.json
4,21,0.03134124353528023,0.8921341896057129,False,200,112,22400,all_layer_corr.json
4,22,0.029241438955068588,0.8848493099212646,False,200,112,22400,all_layer_corr.json
4,23,0.02788488380610943,0.8783847689628601,False,200,112,22400,all_layer_corr.json
4,24,0.026598237454891205,0.8715327978134155,False,200,112,22400,all_layer_corr.json
4,25,0.025211434811353683,0.8641074895858765,False,200,112,22400,all_layer_corr.json
4,26,0.024369854480028152,0.8567781448364258,False,200,112,22400,all_layer_corr.json
4,27,0.02374761551618576,0.8483353853225708,False,200,112,22400,all_layer_corr.json
4,28,0.023239264264702797,0.840988039970398,False,200,112,22400,all_layer_corr.json
4,29,0.02301720902323723,0.831829845905304,False,200,112,22400,all_layer_corr.json
4,30,0.023273592814803123,0.8152604103088379,False,200,112,22400,all_layer_corr.json
4,31,0.13690879940986633,0.6538313031196594,False,200,112,22400,all_layer_corr.json
5,0,0.170071080327034,0.8881389498710632,False,200,112,22400,all_layer_corr.json
5,1,0.1420014649629593,0.8584427237510681,False,200,112,22400,all_layer_corr.json
5,2,0.16933615505695343,0.8410926461219788,False,200,112,22400,all_layer_corr.json
5,3,0.03008393757045269,0.8793928027153015,False,200,112,22400,all_layer_corr.json
5,4,0.03163580223917961,0.9260966777801514,False,200,112,22400,all_layer_corr.json
5,5,0.029691558331251144,0.9313868284225464,True,200,112,22400,all_layer_corr.json
5,6,0.027596738189458847,0.9323544502258301,False,200,112,22400,all_layer_corr.json
5,7,0.02752513810992241,0.9302816390991211,False,200,112,22400,all_layer_corr.json
5,8,0.027955664321780205,0.9283369779586792,False,200,112,22400,all_layer_corr.json
5,9,0.027863092720508575,0.9262226819992065,False,200,112,22400,all_layer_corr.json
5,10,0.02835770696401596,0.9244089126586914,False,200,112,22400,all_layer_corr.json
5,11,0.029214706271886826,0.9224423766136169,False,200,112,22400,all_layer_corr.json
5,12,0.02887309156358242,0.9196348786354065,False,200,112,22400,all_layer_corr.json
5,13,0.02921840362250805,0.9172542691230774,False,200,112,22400,all_layer_corr.json
5,14,0.02991274558007717,0.9147160649299622,False,200,112,22400,all_layer_corr.json
5,15,0.03029555268585682,0.9122092127799988,False,200,112,22400,all_layer_corr.json
5,16,0.030973322689533234,0.9105806946754456,False,200,112,22400,all_layer_corr.json
5,17,0.02973475307226181,0.9078705310821533,False,200,112,22400,all_layer_corr.json
5,18,0.030150126665830612,0.9049127697944641,False,200,112,22400,all_layer_corr.json
5,19,0.029532555490732193,0.9014833569526672,False,200,112,22400,all_layer_corr.json
5,20,0.028328243643045425,0.8964830636978149,False,200,112,22400,all_layer_corr.json
5,21,0.02701321803033352,0.8909551501274109,False,200,112,22400,all_layer_corr.json
5,22,0.025131555274128914,0.8840046525001526,False,200,112,22400,all_layer_corr.json
5,23,0.02392975613474846,0.8777892589569092,False,200,112,22400,all_layer_corr.json
5,24,0.02281268499791622,0.8712061047554016,False,200,112,22400,all_layer_corr.json
5,25,0.021619440987706184,0.8640385866165161,False,200,112,22400,all_layer_corr.json
5,26,0.02090800739824772,0.8569259643554688,False,200,112,22400,all_layer_corr.json
5,27,0.020431218668818474,0.8487324714660645,False,200,112,22400,all_layer_corr.json
5,28,0.020037978887557983,0.8415744304656982,False,200,112,22400,all_layer_corr.json
5,29,0.01991269923746586,0.832682192325592,False,200,112,22400,all_layer_corr.json
5,30,0.020284254103899002,0.8166663646697998,False,200,112,22400,all_layer_corr.json
5,31,0.1320049911737442,0.6621232032775879,False,200,112,22400,all_layer_corr.json
6,0,0.16198667883872986,0.8735237121582031,False,200,112,22400,all_layer_corr.json
6,1,0.13301309943199158,0.8442053198814392,False,200,112,22400,all_layer_corr.json
6,2,0.15797631442546844,0.8301372528076172,False,200,112,22400,all_layer_corr.json
6,3,0.03050980344414711,0.8743554949760437,False,200,112,22400,all_layer_corr.json
6,4,0.032209400087594986,0.922898530960083,False,200,112,22400,all_layer_corr.json
6,5,0.030405595898628235,0.9285262227058411,False,200,112,22400,all_layer_corr.json
6,6,0.0283619686961174,0.9296558499336243,True,200,112,22400,all_layer_corr.json
6,7,0.02849053218960762,0.9278091788291931,False,200,112,22400,all_layer_corr.json
6,8,0.028935763984918594,0.9259305000305176,False,200,112,22400,all_layer_corr.json
6,9,0.02890685200691223,0.9238992929458618,False,200,112,22400,all_layer_corr.json
6,10,0.029355334118008614,0.9221243262290955,False,200,112,22400,all_layer_corr.json
6,11,0.030415331944823265,0.9202403426170349,False,200,112,22400,all_layer_corr.json
6,12,0.030071362853050232,0.9175435304641724,False,200,112,22400,all_layer_corr.json
6,13,0.030451705679297447,0.9152765274047852,False,200,112,22400,all_layer_corr.json
6,14,0.03116784803569317,0.9128289222717285,False,200,112,22400,all_layer_corr.json
6,15,0.03150654584169388,0.9104459285736084,False,200,112,22400,all_layer_corr.json
6,16,0.03224073722958565,0.9089145660400391,False,200,112,22400,all_layer_corr.json
6,17,0.03086826205253601,0.9063194990158081,False,200,112,22400,all_layer_corr.json
6,18,0.0313042588531971,0.9034901261329651,False,200,112,22400,all_layer_corr.json
6,19,0.030628535896539688,0.9002059698104858,False,200,112,22400,all_layer_corr.json
6,20,0.029355058446526527,0.8954876065254211,False,200,112,22400,all_layer_corr.json
6,21,0.02796698361635208,0.8901861310005188,False,200,112,22400,all_layer_corr.json
6,22,0.02599077671766281,0.883549690246582,False,200,112,22400,all_layer_corr.json
6,23,0.02471812628209591,0.8775655627250671,False,200,112,22400,all_layer_corr.json
6,24,0.02356570027768612,0.8712263703346252,False,200,112,22400,all_layer_corr.json
6,25,0.022312376648187637,0.8642820119857788,False,200,112,22400,all_layer_corr.json
6,26,0.021565841510891914,0.8573725819587708,False,200,112,22400,all_layer_corr.json
6,27,0.02109542302787304,0.8494468927383423,False,200,112,22400,all_layer_corr.json
6,28,0.02068016678094864,0.8424719572067261,False,200,112,22400,all_layer_corr.json
6,29,0.020565025508403778,0.8338611125946045,False,200,112,22400,all_layer_corr.json
6,30,0.020921340212225914,0.818413257598877,False,200,112,22400,all_layer_corr.json
6,31,0.1291094869375229,0.6704362630844116,False,200,112,22400,all_layer_corr.json
7,0,0.1596449613571167,0.8598459362983704,False,200,112,22400,all_layer_corr.json
7,1,0.1285438984632492,0.8306701183319092,False,200,112,22400,all_layer_corr.json
7,2,0.15207138657569885,0.8192204236984253,False,200,112,22400,all_layer_corr.json
7,3,0.02741514891386032,0.8682400584220886,False,200,112,22400,all_layer_corr.json
7,4,0.02868744172155857,0.9196221232414246,False,200,112,22400,all_layer_corr.json
7,5,0.027118558064103127,0.9258089065551758,False,200,112,22400,all_layer_corr.json
7,6,0.025287073105573654,0.9270846843719482,False,200,112,22400,all_layer_corr.json
7,7,0.025573965162038803,0.9253770112991333,True,200,112,22400,all_layer_corr.json
7,8,0.02599257603287697,0.9236118793487549,False,200,112,22400,all_layer_corr.json
7,9,0.026071254163980484,0.9216431975364685,False,200,112,22400,all_layer_corr.json
7,10,0.0264517143368721,0.9199839234352112,False,200,112,22400,all_layer_corr.json
7,11,0.027642739936709404,0.9181370139122009,False,200,112,22400,all_layer_corr.json
7,12,0.02735159546136856,0.9155652523040771,False,200,112,22400,all_layer_corr.json
7,13,0.027768591418862343,0.9134959578514099,False,200,112,22400,all_layer_corr.json
7,14,0.02845810540020466,0.9111679792404175,False,200,112,22400,all_layer_corr.json
7,15,0.02879698947072029,0.9089642763137817,False,200,112,22400,all_layer_corr.json
7,16,0.02955089882016182,0.9075345993041992,False,200,112,22400,all_layer_corr.json
7,17,0.028262173756957054,0.9051072597503662,False,200,112,22400,all_layer_corr.json
7,18,0.028737595304846764,0.9024269580841064,False,200,112,22400,all_layer_corr.json
7,19,0.028173062950372696,0.8993728160858154,False,200,112,22400,all_layer_corr.json
7,20,0.027055108919739723,0.8949764370918274,False,200,112,22400,all_layer_corr.json
7,21,0.025786088779568672,0.8899357914924622,False,200,112,22400,all_layer_corr.json
7,22,0.023998023942112923,0.8836305141448975,False,200,112,22400,all_layer_corr.json
7,23,0.022841045632958412,0.8778873682022095,False,200,112,22400,all_layer_corr.json
7,24,0.021805008873343468,0.8717734217643738,False,200,112,22400,all_layer_corr.json
7,25,0.020660456269979477,0.8650778532028198,False,200,112,22400,all_layer_corr.json
7,26,0.0200033076107502,0.8583794236183167,False,200,112,22400,all_layer_corr.json
7,27,0.01966741494834423,0.8507111668586731,False,200,112,22400,all_layer_corr.json
7,28,0.01932491920888424,0.8439239263534546,False,200,112,22400,all_layer_corr.json
7,29,0.019292667508125305,0.8355422019958496,False,200,112,22400,all_layer_corr.json
7,30,0.019746126607060432,0.8206017017364502,False,200,112,22400,all_layer_corr.json
7,31,0.12884819507598877,0.6792528629302979,False,200,112,22400,all_layer_corr.json
8,0,0.19128155708312988,0.8522474765777588,False,200,112,22400,all_layer_corr.json
8,1,0.1381293386220932,0.8233485221862793,False,200,112,22400,all_layer_corr.json
8,2,0.16312319040298462,0.8131951689720154,False,200,112,22400,all_layer_corr.json
8,3,0.020603790879249573,0.8614367842674255,False,200,112,22400,all_layer_corr.json
8,4,0.021296426653862,0.9150031805038452,False,200,112,22400,all_layer_corr.json
8,5,0.020101819187402725,0.9213092923164368,False,200,112,22400,all_layer_corr.json
8,6,0.018494987860322,0.9226213693618774,False,200,112,22400,all_layer_corr.json
8,7,0.01893283985555172,0.9211522340774536,False,200,112,22400,all_layer_corr.json
8,8,0.019267156720161438,0.9195623397827148,True,200,112,22400,all_layer_corr.json
8,9,0.01950756460428238,0.9177583456039429,False,200,112,22400,all_layer_corr.json
8,10,0.019757060334086418,0.9162389039993286,False,200,112,22400,all_layer_corr.json
8,11,0.021126072853803635,0.9144935607910156,False,200,112,22400,all_layer_corr.json
8,12,0.020934371277689934,0.9121193885803223,False,200,112,22400,all_layer_corr.json
8,13,0.02135617285966873,0.9102620482444763,False,200,112,22400,all_layer_corr.json
8,14,0.022019382566213608,0.9080638289451599,False,200,112,22400,all_layer_corr.json
8,15,0.022425517439842224,0.9060640335083008,False,200,112,22400,all_layer_corr.json
8,16,0.0232009906321764,0.9047960042953491,False,200,112,22400,all_layer_corr.json
8,17,0.022189494222402573,0.9025593400001526,False,200,112,22400,all_layer_corr.json
8,18,0.022760050371289253,0.9000877737998962,False,200,112,22400,all_layer_corr.json
8,19,0.022465331479907036,0.8972791433334351,False,200,112,22400,all_layer_corr.json
8,20,0.02155994437634945,0.8932468891143799,False,200,112,22400,all_layer_corr.json
8,21,0.020492590963840485,0.8884549140930176,False,200,112,22400,all_layer_corr.json
8,22,0.018971305340528488,0.8825040459632874,False,200,112,22400,all_layer_corr.json
8,23,0.018015198409557343,0.8770029544830322,False,200,112,22400,all_layer_corr.json
8,24,0.017180344089865685,0.8711056113243103,False,200,112,22400,all_layer_corr.json
8,25,0.01623469591140747,0.864621639251709,False,200,112,22400,all_layer_corr.json
8,26,0.01576610468327999,0.8581283092498779,False,200,112,22400,all_layer_corr.json
8,27,0.015601043589413166,0.8507504463195801,False,200,112,22400,all_layer_corr.json
8,28,0.01540914736688137,0.8441522717475891,False,200,112,22400,all_layer_corr.json
8,29,0.015524059534072876,0.8360307812690735,False,200,112,22400,all_layer_corr.json
8,30,0.01625961996614933,0.8216527104377747,False,200,112,22400,all_layer_corr.json
8,31,0.13414323329925537,0.6880772113800049,False,200,112,22400,all_layer_corr.json
9,0,0.2302977442741394,0.8455329537391663,False,200,112,22400,all_layer_corr.json
9,1,0.1559470295906067,0.816615879535675,False,200,112,22400,all_layer_corr.json
9,2,0.1838802993297577,0.8072834014892578,False,200,112,22400,all_layer_corr.json
9,3,0.014848487451672554,0.8560566306114197,False,200,112,22400,all_layer_corr.json
9,4,0.013413744047284126,0.9109911918640137,False,200,112,22400,all_layer_corr.json
9,5,0.012470542453229427,0.9174078702926636,False,200,112,22400,all_layer_corr.json
9,6,0.011222799308598042,0.9187800288200378,False,200,112,22400,all_layer_corr.json
9,7,0.011717044748365879,0.9175231456756592,False,200,112,22400,all_layer_corr.json
9,8,0.011942688375711441,0.9160614609718323,False,200,112,22400,all_layer_corr.json
9,9,0.012255645357072353,0.914434015750885,True,200,112,22400,all_layer_corr.json
9,10,0.01239771954715252,0.9130700826644897,False,200,112,22400,all_layer_corr.json
9,11,0.013708685524761677,0.9114314913749695,False,200,112,22400,all_layer_corr.json
9,12,0.013678748160600662,0.909259557723999,False,200,112,22400,all_layer_corr.json
9,13,0.014081114903092384,0.9076001644134521,False,200,112,22400,all_layer_corr.json
9,14,0.01467174757272005,0.9055485725402832,False,200,112,22400,all_layer_corr.json
9,15,0.015145017765462399,0.9037572741508484,False,200,112,22400,all_layer_corr.json
9,16,0.01589677669107914,0.9026262760162354,False,200,112,22400,all_layer_corr.json
9,17,0.01529582031071186,0.9005886316299438,False,200,112,22400,all_layer_corr.json
9,18,0.01590593531727791,0.8983221650123596,False,200,112,22400,all_layer_corr.json
9,19,0.015924757346510887,0.8957693576812744,False,200,112,22400,all_layer_corr.json
9,20,0.015342770144343376,0.8920645713806152,False,200,112,22400,all_layer_corr.json
9,21,0.014579937793314457,0.8875279426574707,False,200,112,22400,all_layer_corr.json
9,22,0.013483751565217972,0.8819370269775391,False,200,112,22400,all_layer_corr.json
9,23,0.012846390716731548,0.8766912221908569,False,200,112,22400,all_layer_corr.json
9,24,0.012323742732405663,0.8710275292396545,False,200,112,22400,all_layer_corr.json
9,25,0.011750548146665096,0.8647734522819519,False,200,112,22400,all_layer_corr.json
9,26,0.011549931950867176,0.8584930896759033,False,200,112,22400,all_layer_corr.json
9,27,0.011594056151807308,0.8513709306716919,False,200,112,22400,all_layer_corr.json
9,28,0.01161289494484663,0.8449618816375732,False,200,112,22400,all_layer_corr.json
9,29,0.011888070032000542,0.8370949029922485,False,200,112,22400,all_layer_corr.json
9,30,0.012958789244294167,0.8232717514038086,False,200,112,22400,all_layer_corr.json
9,31,0.13628946244716644,0.6970999836921692,False,200,112,22400,all_layer_corr.json
10,0,0.2531226873397827,0.8373591303825378,False,200,112,22400,all_layer_corr.json
10,1,0.16669107973575592,0.808012843132019,False,200,112,22400,all_layer_corr.json
10,2,0.1970347911119461,0.7991837859153748,False,200,112,22400,all_layer_corr.json
10,3,0.011547435075044632,0.8460690379142761,False,200,112,22400,all_layer_corr.json
10,4,0.008771414868533611,0.9052190780639648,False,200,112,22400,all_layer_corr.json
10,5,0.008088824339210987,0.9124496579170227,False,200,112,22400,all_layer_corr.json
10,6,0.007330603897571564,0.9141432642936707,False,200,112,22400,all_layer_corr.json
10,7,0.007684076204895973,0.9131041765213013,False,200,112,22400,all_layer_corr.json
10,8,0.007818120531737804,0.9118075966835022,False,200,112,22400,all_layer_corr.json
10,9,0.008076582103967667,0.9103864431381226,False,200,112,22400,all_layer_corr.json
10,10,0.008170155808329582,0.909119725227356,True,200,112,22400,all_layer_corr.json
10,11,0.009122774004936218,0.9076058864593506,False,200,112,22400,all_layer_corr.json
10,12,0.009205024689435959,0.905644953250885,False,200,112,22400,all_layer_corr.json
10,13,0.009497527033090591,0.9042201042175293,False,200,112,22400,all_layer_corr.json
10,14,0.00992254912853241,0.9023329615592957,False,200,112,22400,all_layer_corr.json
10,15,0.010305507108569145,0.9007549285888672,False,200,112,22400,all_layer_corr.json
10,16,0.01085715088993311,0.899773359298706,False,200,112,22400,all_layer_corr.json
10,17,0.01060105487704277,0.8979496359825134,False,200,112,22400,all_layer_corr.json
10,18,0.011096405796706676,0.8958821296691895,False,200,112,22400,all_layer_corr.json
10,19,0.01126406341791153,0.8935552835464478,False,200,112,22400,all_layer_corr.json
10,20,0.011033447459340096,0.8901872634887695,False,200,112,22400,all_layer_corr.json
10,21,0.010680916719138622,0.8859312534332275,False,200,112,22400,all_layer_corr.json
10,22,0.010198889300227165,0.8807046413421631,False,200,112,22400,all_layer_corr.json
10,23,0.01003303937613964,0.8757232427597046,False,200,112,22400,all_layer_corr.json
10,24,0.009943594224750996,0.8703100681304932,False,200,112,22400,all_layer_corr.json
10,25,0.009910301305353642,0.8643050789833069,False,200,112,22400,all_layer_corr.json
10,26,0.0100589320063591,0.8582956790924072,False,200,112,22400,all_layer_corr.json
10,27,0.010358423925936222,0.8514683842658997,False,200,112,22400,all_layer_corr.json
10,28,0.010659067891538143,0.8452819585800171,False,200,112,22400,all_layer_corr.json
10,29,0.011128384619951248,0.8377096056938171,False,200,112,22400,all_layer_corr.json
10,30,0.012593272142112255,0.8244646191596985,False,200,112,22400,all_layer_corr.json
10,31,0.13917583227157593,0.7062535285949707,False,200,112,22400,all_layer_corr.json
11,0,0.2560649514198303,0.8268003463745117,False,200,112,22400,all_layer_corr.json
11,1,0.16852445900440216,0.7967305183410645,False,200,112,22400,all_layer_corr.json
11,2,0.19812282919883728,0.7887451648712158,False,200,112,22400,all_layer_corr.json
11,3,0.010186078026890755,0.8391032218933105,False,200,112,22400,all_layer_corr.json
11,4,0.006141111254692078,0.9014530181884766,False,200,112,22400,all_layer_corr.json
11,5,0.005572537891566753,0.9091606140136719,False,200,112,22400,all_layer_corr.json
11,6,0.00517617492005229,0.9110352396965027,False,200,112,22400,all_layer_corr.json
11,7,0.00541161373257637,0.9101167917251587,False,200,112,22400,all_layer_corr.json
11,8,0.005513954907655716,0.9089551568031311,False,200,112,22400,all_layer_corr.json
11,9,0.00571812130510807,0.907677173614502,False,200,112,22400,all_layer_corr.json
11,10,0.005803248845040798,0.9065771698951721,False,200,112,22400,all_layer_corr.json
11,11,0.006471165455877781,0.9052061438560486,True,200,112,22400,all_layer_corr.json
11,12,0.006626082118600607,0.9034769535064697,False,200,112,22400,all_layer_corr.json
11,13,0.006874626502394676,0.9022860527038574,False,200,112,22400,all_layer_corr.json
11,14,0.007205005269497633,0.9005813598632812,False,200,112,22400,all_layer_corr.json
11,15,0.0075617339462041855,0.8992320895195007,False,200,112,22400,all_layer_corr.json
11,16,0.007998932152986526,0.8984025716781616,False,200,112,22400,all_layer_corr.json
11,17,0.007966279983520508,0.8967854380607605,False,200,112,22400,all_layer_corr.json
11,18,0.008387628011405468,0.8949224352836609,False,200,112,22400,all_layer_corr.json
11,19,0.0086427703499794,0.8928419351577759,False,200,112,22400,all_layer_corr.json
11,20,0.008622393943369389,0.8898298144340515,False,200,112,22400,all_layer_corr.json
11,21,0.008498972281813622,0.885841965675354,False,200,112,22400,all_layer_corr.json
11,22,0.008354625664651394,0.8809830546379089,False,200,112,22400,all_layer_corr.json
11,23,0.00842855405062437,0.8762478232383728,False,200,112,22400,all_layer_corr.json
11,24,0.008548564277589321,0.8710766434669495,False,200,112,22400,all_layer_corr.json
11,25,0.008782724849879742,0.865323007106781,False,200,112,22400,all_layer_corr.json
11,26,0.009085623547434807,0.85955810546875,False,200,112,22400,all_layer_corr.json
11,27,0.009496026672422886,0.8530431389808655,False,200,112,22400,all_layer_corr.json
11,28,0.009917344897985458,0.8470619320869446,False,200,112,22400,all_layer_corr.json
11,29,0.010456213727593422,0.8397547006607056,False,200,112,22400,all_layer_corr.json
11,30,0.0120514165610075,0.8270673155784607,False,200,112,22400,all_layer_corr.json
11,31,0.1298624724149704,0.7156147956848145,False,200,112,22400,all_layer_corr.json
12,0,0.25484639406204224,0.816047728061676,False,200,112,22400,all_layer_corr.json
12,1,0.16878966987133026,0.7849868535995483,False,200,112,22400,all_layer_corr.json
12,2,0.19682589173316956,0.7777036428451538,False,200,112,22400,all_layer_corr.json
12,3,0.010306798852980137,0.8348597884178162,False,200,112,22400,all_layer_corr.json
12,4,0.00671475799754262,0.9004360437393188,False,200,112,22400,all_layer_corr.json
12,5,0.006186414510011673,0.9085716009140015,False,200,112,22400,all_layer_corr.json
12,6,0.005780183244496584,0.9105486869812012,False,200,112,22400,all_layer_corr.json
12,7,0.006045028101652861,0.9097177386283875,False,200,112,22400,all_layer_corr.json
12,8,0.0061428481712937355,0.9086684584617615,False,200,112,22400,all_layer_corr.json
12,9,0.00636974535882473,0.907465934753418,False,200,112,22400,all_layer_corr.json
12,10,0.006444069556891918,0.9064400792121887,False,200,112,22400,all_layer_corr.json
12,11,0.007154110819101334,0.9051471948623657,False,200,112,22400,all_layer_corr.json
12,12,0.007326505612581968,0.9035320281982422,True,200,112,22400,all_layer_corr.json
12,13,0.007566874381154776,0.9024816155433655,False,200,112,22400,all_layer_corr.json
12,14,0.007913782261312008,0.9009119272232056,False,200,112,22400,all_layer_corr.json
12,15,0.008298440836369991,0.8996882438659668,False,200,112,22400,all_layer_corr.json
12,16,0.008747895248234272,0.8989465236663818,False,200,112,22400,all_layer_corr.json
12,17,0.008762844838202,0.8974482417106628,False,200,112,22400,all_layer_corr.json
12,18,0.009216311387717724,0.8956999778747559,False,200,112,22400,all_layer_corr.json
12,19,0.009528474882245064,0.8937482833862305,False,200,112,22400,all_layer_corr.json
12,20,0.009484878741204739,0.8909900188446045,False,200,112,22400,all_layer_corr.json
12,21,0.009335005655884743,0.8872126936912537,False,200,112,22400,all_layer_corr.json
12,22,0.009116372093558311,0.8826363682746887,False,200,112,22400,all_layer_corr.json
12,23,0.009115777909755707,0.8781076073646545,False,200,112,22400,all_layer_corr.json
12,24,0.009158801287412643,0.8731375932693481,False,200,112,22400,all_layer_corr.json
12,25,0.00928176287561655,0.8675957918167114,False,200,112,22400,all_layer_corr.json
12,26,0.009513494558632374,0.862045168876648,False,200,112,22400,all_layer_corr.json
12,27,0.009862834587693214,0.8557714819908142,False,200,112,22400,all_layer_corr.json
12,28,0.01020999625325203,0.8499675989151001,False,200,112,22400,all_layer_corr.json
12,29,0.01070139929652214,0.8428855538368225,False,200,112,22400,all_layer_corr.json
12,30,0.012208469212055206,0.8306821584701538,False,200,112,22400,all_layer_corr.json
12,31,0.12005513906478882,0.7245038747787476,False,200,112,22400,all_layer_corr.json
13,0,0.24827775359153748,0.8066465854644775,False,200,112,22400,all_layer_corr.json
13,1,0.1689087301492691,0.7748488187789917,False,200,112,22400,all_layer_corr.json
13,2,0.19565872848033905,0.7679400444030762,False,200,112,22400,all_layer_corr.json
13,3,0.010497987270355225,0.8334212303161621,False,200,112,22400,all_layer_corr.json
13,4,0.006494136992841959,0.9013624787330627,False,200,112,22400,all_layer_corr.json
13,5,0.0060129412449896336,0.9098737835884094,False,200,112,22400,all_layer_corr.json
13,6,0.005753164179623127,0.9119487404823303,False,200,112,22400,all_layer_corr.json
13,7,0.005965360440313816,0.9111840128898621,False,200,112,22400,all_layer_corr.json
13,8,0.006060335319489241,0.9102054238319397,False,200,112,22400,all_layer_corr.json
13,9,0.0062601082026958466,0.9090473055839539,False,200,112,22400,all_layer_corr.json
13,10,0.00634313840419054,0.9080990552902222,False,200,112,22400,all_layer_corr.json
13,11,0.006916045676916838,0.906859815120697,False,200,112,22400,all_layer_corr.json
13,12,0.007115704007446766,0.9053571820259094,False,200,112,22400,all_layer_corr.json
13,13,0.007340264972299337,0.9044001698493958,True,200,112,22400,all_layer_corr.json
13,14,0.00764851737767458,0.9029257893562317,False,200,112,22400,all_layer_corr.json
13,15,0.00802439171820879,0.9018105864524841,False,200,112,22400,all_layer_corr.json
13,16,0.008418075740337372,0.9011311531066895,False,200,112,22400,all_layer_corr.json
13,17,0.008542324416339397,0.8997383117675781,False,200,112,22400,all_layer_corr.json
13,18,0.00896385032683611,0.8980771899223328,False,200,112,22400,all_layer_corr.json
13,19,0.009315676987171173,0.8962537050247192,False,200,112,22400,all_layer_corr.json
13,20,0.009376701898872852,0.8937232494354248,False,200,112,22400,all_layer_corr.json
13,21,0.009342340752482414,0.8901528716087341,False,200,112,22400,all_layer_corr.json
13,22,0.009280594997107983,0.8858607411384583,False,200,112,22400,all_layer_corr.json
13,23,0.009383237920701504,0.8815627694129944,False,200,112,22400,all_layer_corr.json
13,24,0.009506854228675365,0.8768192529678345,False,200,112,22400,all_layer_corr.json
13,25,0.009720495902001858,0.8715012669563293,False,200,112,22400,all_layer_corr.json
13,26,0.009999770671129227,0.8661699891090393,False,200,112,22400,all_layer_corr.json
13,27,0.010395367629826069,0.8601357936859131,False,200,112,22400,all_layer_corr.json
13,28,0.010777787305414677,0.8545002341270447,False,200,112,22400,all_layer_corr.json
13,29,0.011310241185128689,0.8476352095603943,False,200,112,22400,all_layer_corr.json
13,30,0.012902365066111088,0.835847795009613,False,200,112,22400,all_layer_corr.json
13,31,0.11857340484857559,0.7334333658218384,False,200,112,22400,all_layer_corr.json
14,0,0.2576432228088379,0.8008713126182556,False,200,112,22400,all_layer_corr.json
14,1,0.17631299793720245,0.7679824233055115,False,200,112,22400,all_layer_corr.json
14,2,0.20215147733688354,0.7611581087112427,False,200,112,22400,all_layer_corr.json
14,3,0.010366532020270824,0.8277130722999573,False,200,112,22400,all_layer_corr.json
14,4,0.006483082659542561,0.8976160287857056,False,200,112,22400,all_layer_corr.json
14,5,0.005953473038971424,0.9063584804534912,False,200,112,22400,all_layer_corr.json
14,6,0.005533398594707251,0.9084761738777161,False,200,112,22400,all_layer_corr.json
14,7,0.005888709332793951,0.9077336192131042,False,200,112,22400,all_layer_corr.json
14,8,0.005984089802950621,0.9068358540534973,False,200,112,22400,all_layer_corr.json
14,9,0.006259283982217312,0.9057629704475403,False,200,112,22400,all_layer_corr.json
14,10,0.00634989608079195,0.9048789739608765,False,200,112,22400,all_layer_corr.json
14,11,0.00716557027772069,0.9037067890167236,False,200,112,22400,all_layer_corr.json
14,12,0.007398809306323528,0.9023343324661255,False,200,112,22400,all_layer_corr.json
14,13,0.007636070717126131,0.9015673398971558,False,200,112,22400,all_layer_corr.json
14,14,0.008039666339755058,0.9002379179000854,True,200,112,22400,all_layer_corr.json
14,15,0.008501850999891758,0.8993062973022461,False,200,112,22400,all_layer_corr.json
14,16,0.008974461816251278,0.8987663388252258,False,200,112,22400,all_layer_corr.json
14,17,0.009140814654529095,0.8975513577461243,False,200,112,22400,all_layer_corr.json
14,18,0.009655623696744442,0.8960523009300232,False,200,112,22400,all_layer_corr.json
14,19,0.010068598203361034,0.8944127559661865,False,200,112,22400,all_layer_corr.json
14,20,0.010053513571619987,0.8921465277671814,False,200,112,22400,all_layer_corr.json
14,21,0.00995480827987194,0.8888171315193176,False,200,112,22400,all_layer_corr.json
14,22,0.009717361070215702,0.8848147392272949,False,200,112,22400,all_layer_corr.json
14,23,0.00970617774873972,0.8807377219200134,False,200,112,22400,all_layer_corr.json
14,24,0.009741917252540588,0.8762187957763672,False,200,112,22400,all_layer_corr.json
14,25,0.009834486059844494,0.8711280822753906,False,200,112,22400,all_layer_corr.json
14,26,0.010057594627141953,0.8660110831260681,False,200,112,22400,all_layer_corr.json
14,27,0.010451698675751686,0.8602300882339478,False,200,112,22400,all_layer_corr.json
14,28,0.010799067094922066,0.8547817468643188,False,200,112,22400,all_layer_corr.json
14,29,0.01136857271194458,0.8481531739234924,False,200,112,22400,all_layer_corr.json
14,30,0.013087322935461998,0.8368512392044067,False,200,112,22400,all_layer_corr.json
14,31,0.12947121262550354,0.740689218044281,False,200,112,22400,all_layer_corr.json
15,0,0.23654507100582123,0.7944320440292358,False,200,112,22400,all_layer_corr.json
15,1,0.172806978225708,0.7607800960540771,False,200,112,22400,all_layer_corr.json
15,2,0.19746050238609314,0.754279613494873,False,200,112,22400,all_layer_corr.json
15,3,0.010233884677290916,0.8244713544845581,False,200,112,22400,all_layer_corr.json
15,4,0.005978364963084459,0.8964000940322876,False,200,112,22400,all_layer_corr.json
15,5,0.005465738940984011,0.9055534601211548,False,200,112,22400,all_layer_corr.json
15,6,0.005140617024153471,0.907840371131897,False,200,112,22400,all_layer_corr.json
15,7,0.005494713317602873,0.9071429967880249,False,200,112,22400,all_layer_corr.json
15,8,0.00559534365311265,0.9062726497650146,False,200,112,22400,all_layer_corr.json
15,9,0.005875833798199892,0.9052786827087402,False,200,112,22400,all_layer_corr.json
15,10,0.005977916996926069,0.904437780380249,False,200,112,22400,all_layer_corr.json
15,11,0.006732193287461996,0.9032999873161316,False,200,112,22400,all_layer_corr.json
15,12,0.007000746671110392,0.9019461274147034,False,200,112,22400,all_layer_corr.json
15,13,0.007215190678834915,0.9012680053710938,False,200,112,22400,all_layer_corr.json
15,14,0.007577671203762293,0.9000173211097717,False,200,112,22400,all_layer_corr.json
15,15,0.00799852330237627,0.8991550207138062,True,200,112,22400,all_layer_corr.json
15,16,0.008412133902311325,0.8986884355545044,False,200,112,22400,all_layer_corr.json
15,17,0.00865409430116415,0.8975439071655273,False,200,112,22400,all_layer_corr.json
15,18,0.009155352599918842,0.8960893154144287,False,200,112,22400,all_layer_corr.json
15,19,0.009617160074412823,0.8945124745368958,False,200,112,22400,all_layer_corr.json
15,20,0.009760006330907345,0.8922934532165527,False,200,112,22400,all_layer_corr.json
15,21,0.009833643212914467,0.8890151977539062,False,200,112,22400,all_layer_corr.json
15,22,0.00978013128042221,0.8850561380386353,False,200,112,22400,all_layer_corr.json
15,23,0.009877901524305344,0.8810347318649292,False,200,112,22400,all_layer_corr.json
15,24,0.010013786144554615,0.8765808939933777,False,200,112,22400,all_layer_corr.json
15,25,0.010192065499722958,0.8715698719024658,False,200,112,22400,all_layer_corr.json
15,26,0.010455245152115822,0.8665057420730591,False,200,112,22400,all_layer_corr.json
15,27,0.01091630570590496,0.8607872128486633,False,200,112,22400,all_layer_corr.json
15,28,0.011300459504127502,0.8553857803344727,False,200,112,22400,all_layer_corr.json
15,29,0.01195714995265007,0.8488117456436157,False,200,112,22400,all_layer_corr.json
15,30,0.013880209065973759,0.8376251459121704,False,200,112,22400,all_layer_corr.json
15,31,0.14299218356609344,0.7427880764007568,False,200,112,22400,all_layer_corr.json
16,0,0.2292531579732895,0.7866821885108948,False,200,112,22400,all_layer_corr.json
16,1,0.17383944988250732,0.7522302865982056,False,200,112,22400,all_layer_corr.json
16,2,0.19677914679050446,0.7462446689605713,False,200,112,22400,all_layer_corr.json
16,3,0.010359960608184338,0.8223442435264587,False,200,112,22400,all_layer_corr.json
16,4,0.005845117848366499,0.8946661353111267,False,200,112,22400,all_layer_corr.json
16,5,0.005330588202923536,0.9038267731666565,False,200,112,22400,all_layer_corr.json
16,6,0.005076620727777481,0.90613853931427,False,200,112,22400,all_layer_corr.json
16,7,0.005407043732702732,0.905461311340332,False,200,112,22400,all_layer_corr.json
16,8,0.005512733478099108,0.9046268463134766,False,200,112,22400,all_layer_corr.json
16,9,0.0057862140238285065,0.9036602973937988,False,200,112,22400,all_layer_corr.json
16,10,0.005884850863367319,0.9028601050376892,False,200,112,22400,all_layer_corr.json
16,11,0.006584713701158762,0.9017449021339417,False,200,112,22400,all_layer_corr.json
16,12,0.00686638755723834,0.9004559516906738,False,200,112,22400,all_layer_corr.json
16,13,0.007086200639605522,0.8998379707336426,False,200,112,22400,all_layer_corr.json
16,14,0.007434725295752287,0.8986487984657288,False,200,112,22400,all_layer_corr.json
16,15,0.007865563966333866,0.8978710770606995,False,200,112,22400,all_layer_corr.json
16,16,0.00827192235738039,0.897472620010376,True,200,112,22400,all_layer_corr.json
16,17,0.008571815676987171,0.896395742893219,False,200,112,22400,all_layer_corr.json
16,18,0.009078375063836575,0.8950074315071106,False,200,112,22400,all_layer_corr.json
16,19,0.009580949321389198,0.8935129642486572,False,200,112,22400,all_layer_corr.json
16,20,0.00980504509061575,0.8913841247558594,False,200,112,22400,all_layer_corr.json
16,21,0.009946145117282867,0.8882006406784058,False,200,112,22400,all_layer_corr.json
16,22,0.009967165999114513,0.8843453526496887,False,200,112,22400,all_layer_corr.json
16,23,0.010100667364895344,0.880402147769928,False,200,112,22400,all_layer_corr.json
16,24,0.010266557335853577,0.8760328888893127,False,200,112,22400,all_layer_corr.json
16,25,0.01046780776232481,0.8711013197898865,False,200,112,22400,all_layer_corr.json
16,26,0.010743476450443268,0.8661109209060669,False,200,112,22400,all_layer_corr.json
16,27,0.011219542473554611,0.8604815602302551,False,200,112,22400,all_layer_corr.json
16,28,0.011615523137152195,0.8551373481750488,False,200,112,22400,all_layer_corr.json
16,29,0.012291697785258293,0.8486316204071045,False,200,112,22400,all_layer_corr.json
16,30,0.014272311702370644,0.8375945091247559,False,200,112,22400,all_layer_corr.json
16,31,0.14480024576187134,0.7449772357940674,False,200,112,22400,all_layer_corr.json
17,0,0.2116205245256424,0.7797003388404846,False,200,112,22400,all_layer_corr.json
17,1,0.16939951479434967,0.7445584535598755,False,200,112,22400,all_layer_corr.json
17,2,0.19155694544315338,0.7389057874679565,False,200,112,22400,all_layer_corr.json
17,3,0.010503165423870087,0.8179877996444702,False,200,112,22400,all_layer_corr.json
17,4,0.0055731539614498615,0.8918275237083435,False,200,112,22400,all_layer_corr.json
17,5,0.005073217675089836,0.901323139667511,False,200,112,22400,all_layer_corr.json
17,6,0.004943379200994968,0.9037636518478394,False,200,112,22400,all_layer_corr.json
17,7,0.005202464759349823,0.9031274318695068,False,200,112,22400,all_layer_corr.json
17,8,0.005317275412380695,0.9023013710975647,False,200,112,22400,all_layer_corr.json
17,9,0.005556982941925526,0.9013659954071045,False,200,112,22400,all_layer_corr.json
17,10,0.005663886200636625,0.900590181350708,False,200,112,22400,all_layer_corr.json
17,11,0.006223323754966259,0.8995042443275452,False,200,112,22400,all_layer_corr.json
17,12,0.006516552530229092,0.8982668519020081,False,200,112,22400,all_layer_corr.json
17,13,0.006744809448719025,0.897704541683197,False,200,112,22400,all_layer_corr.json
17,14,0.007042875979095697,0.8965732455253601,False,200,112,22400,all_layer_corr.json
17,15,0.0074509684927761555,0.8958449363708496,False,200,112,22400,all_layer_corr.json
17,16,0.00782272033393383,0.8955044150352478,False,200,112,22400,all_layer_corr.json
17,17,0.008168218657374382,0.8945015668869019,True,200,112,22400,all_layer_corr.json
17,18,0.008648557588458061,0.8931915163993835,False,200,112,22400,all_layer_corr.json
17,19,0.009169329889118671,0.8917984366416931,False,200,112,22400,all_layer_corr.json
17,20,0.009527185931801796,0.8897770643234253,False,200,112,22400,all_layer_corr.json
17,21,0.009781415574252605,0.8867079019546509,False,200,112,22400,all_layer_corr.json
17,22,0.0099743427708745,0.8829746246337891,False,200,112,22400,all_layer_corr.json
17,23,0.010209972970187664,0.879144549369812,False,200,112,22400,all_layer_corr.json
17,24,0.010460942052304745,0.8748766183853149,False,200,112,22400,all_layer_corr.json
17,25,0.010753187350928783,0.8700361251831055,False,200,112,22400,all_layer_corr.json
17,26,0.011076049879193306,0.8651300668716431,False,200,112,22400,all_layer_corr.json
17,27,0.011609750799834728,0.8595883846282959,False,200,112,22400,all_layer_corr.json
17,28,0.012058629654347897,0.8543280959129333,False,200,112,22400,all_layer_corr.json
17,29,0.012796102091670036,0.8479304909706116,False,200,112,22400,all_layer_corr.json
17,30,0.014905167743563652,0.8370893001556396,False,200,112,22400,all_layer_corr.json
17,31,0.1546534150838852,0.747107744216919,False,200,112,22400,all_layer_corr.json
18,0,0.1898164302110672,0.7730231285095215,False,200,112,22400,all_layer_corr.json
18,1,0.1612199991941452,0.7372897863388062,False,200,112,22400,all_layer_corr.json
18,2,0.18281345069408417,0.7320036888122559,False,200,112,22400,all_layer_corr.json
18,3,0.010383629240095615,0.8130303025245667,False,200,112,22400,all_layer_corr.json
18,4,0.005220392718911171,0.8873825669288635,False,200,112,22400,all_layer_corr.json
18,5,0.0047358241863548756,0.8969433903694153,False,200,112,22400,all_layer_corr.json
18,6,0.004707234911620617,0.8993914723396301,False,200,112,22400,all_layer_corr.json
18,7,0.004904112312942743,0.8987723588943481,False,200,112,22400,all_layer_corr.json
18,8,0.005038243718445301,0.8979722261428833,False,200,112,22400,all_layer_corr.json
18,9,0.005247089080512524,0.8970407843589783,False,200,112,22400,all_layer_corr.json
18,10,0.005372760817408562,0.8962978720664978,False,200,112,22400,all_layer_corr.json
18,11,0.00579715333878994,0.8952518105506897,False,200,112,22400,all_layer_corr.json
18,12,0.00610389094799757,0.8940979242324829,False,200,112,22400,all_layer_corr.json
18,13,0.006363700609654188,0.8936380743980408,False,200,112,22400,all_layer_corr.json
18,14,0.006625393871217966,0.8926066160202026,False,200,112,22400,all_layer_corr.json
18,15,0.007030909415334463,0.8920387029647827,False,200,112,22400,all_layer_corr.json
18,16,0.007384070195257664,0.8918301463127136,False,200,112,22400,all_layer_corr.json
18,17,0.0077604977414011955,0.8909780383110046,False,200,112,22400,all_layer_corr.json
18,18,0.00821771938353777,0.889819860458374,True,200,112,22400,all_layer_corr.json
18,19,0.008743822574615479,0.8886196613311768,False,200,112,22400,all_layer_corr.json
18,20,0.009209818206727505,0.886809229850769,False,200,112,22400,all_layer_corr.json
18,21,0.009548471309244633,0.8839066624641418,False,200,112,22400,all_layer_corr.json
18,22,0.009878059849143028,0.8803867697715759,False,200,112,22400,all_layer_corr.json
18,23,0.010194463655352592,0.8767083883285522,False,200,112,22400,all_layer_corr.json
18,24,0.0105136688798666,0.8725728988647461,False,200,112,22400,all_layer_corr.json
18,25,0.010882580652832985,0.8678659200668335,False,200,112,22400,all_layer_corr.json
18,26,0.011241298168897629,0.8630905151367188,False,200,112,22400,all_layer_corr.json
18,27,0.011829910799860954,0.8577186465263367,False,200,112,22400,all_layer_corr.json
18,28,0.012320468202233315,0.8525804281234741,False,200,112,22400,all_layer_corr.json
18,29,0.013109495863318443,0.846328616142273,False,200,112,22400,all_layer_corr.json
18,30,0.015305070206522942,0.835786759853363,False,200,112,22400,all_layer_corr.json
18,31,0.1607232242822647,0.7496802806854248,False,200,112,22400,all_layer_corr.json
19,0,0.16069956123828888,0.7670716643333435,False,200,112,22400,all_layer_corr.json
19,1,0.1513698399066925,0.7306994199752808,False,200,112,22400,all_layer_corr.json
19,2,0.1723511815071106,0.7255553007125854,False,200,112,22400,all_layer_corr.json
19,3,0.01087157055735588,0.8067498803138733,False,200,112,22400,all_layer_corr.json
19,4,0.005543908104300499,0.881308913230896,False,200,112,22400,all_layer_corr.json
19,5,0.0050880485214293,0.8910892009735107,False,200,112,22400,all_layer_corr.json
19,6,0.005173163488507271,0.8937387466430664,False,200,112,22400,all_layer_corr.json
19,7,0.005302655976265669,0.8931204676628113,False,200,112,22400,all_layer_corr.json
19,8,0.0054639782756567,0.892353355884552,False,200,112,22400,all_layer_corr.json
19,9,0.005638029891997576,0.89144366979599,False,200,112,22400,all_layer_corr.json
19,10,0.005781012121587992,0.8907202482223511,False,200,112,22400,all_layer_corr.json
19,11,0.006042337045073509,0.8897356390953064,False,200,112,22400,all_layer_corr.json
19,12,0.006368111353367567,0.8886985778808594,False,200,112,22400,all_layer_corr.json
19,13,0.006683818530291319,0.8883646130561829,False,200,112,22400,all_layer_corr.json
19,14,0.006914850790053606,0.8874383568763733,False,200,112,22400,all_layer_corr.json
19,15,0.007358950562775135,0.8870461583137512,False,200,112,22400,all_layer_corr.json
19,16,0.0077141206711530685,0.8869821429252625,False,200,112,22400,all_layer_corr.json
19,17,0.00815277174115181,0.8862928152084351,False,200,112,22400,all_layer_corr.json
19,18,0.008595959283411503,0.8852706551551819,False,200,112,22400,all_layer_corr.json
19,19,0.009145763702690601,0.884270191192627,True,200,112,22400,all_layer_corr.json
19,20,0.009746036492288113,0.8827181458473206,False,200,112,22400,all_layer_corr.json
19,21,0.010172558948397636,0.8800079226493835,False,200,112,22400,all_layer_corr.json
19,22,0.010644192807376385,0.8767386674880981,False,200,112,22400,all_layer_corr.json
19,23,0.011023485101759434,0.8732657432556152,False,200,112,22400,all_layer_corr.json
19,24,0.011395168490707874,0.8693129420280457,False,200,112,22400,all_layer_corr.json
19,25,0.011813586577773094,0.8648102283477783,False,200,112,22400,all_layer_corr.json
19,26,0.01218674797564745,0.8602230548858643,False,200,112,22400,all_layer_corr.json
19,27,0.012820561416447163,0.8550441861152649,False,200,112,22400,all_layer_corr.json
19,28,0.013340200297534466,0.8500579595565796,False,200,112,22400,all_layer_corr.json
19,29,0.014173618517816067,0.8439871072769165,False,200,112,22400,all_layer_corr.json
19,30,0.016453593969345093,0.8338296413421631,False,200,112,22400,all_layer_corr.json
19,31,0.17053952813148499,0.7529117465019226,False,200,112,22400,all_layer_corr.json
20,0,0.14737167954444885,0.7617196440696716,False,200,112,22400,all_layer_corr.json
20,1,0.14825110137462616,0.7246620655059814,False,200,112,22400,all_layer_corr.json
20,2,0.16873213648796082,0.7195993661880493,False,200,112,22400,all_layer_corr.json
20,3,0.011985411867499352,0.7997860312461853,False,200,112,22400,all_layer_corr.json
20,4,0.006293854676187038,0.8751541376113892,False,200,112,22400,all_layer_corr.json
20,5,0.005894672591239214,0.8850648403167725,False,200,112,22400,all_layer_corr.json
20,6,0.006143453996628523,0.8877372145652771,False,200,112,22400,all_layer_corr.json
20,7,0.006082117557525635,0.8871109485626221,False,200,112,22400,all_layer_corr.json
20,8,0.006279079243540764,0.8863826394081116,False,200,112,22400,all_layer_corr.json
20,9,0.006326832342892885,0.8855077624320984,False,200,112,22400,all_layer_corr.json
20,10,0.006506628822535276,0.8848299980163574,False,200,112,22400,all_layer_corr.json
20,11,0.006434041075408459,0.8838744163513184,False,200,112,22400,all_layer_corr.json
20,12,0.00673194183036685,0.8828731179237366,False,200,112,22400,all_layer_corr.json
20,13,0.007133076433092356,0.8826435804367065,False,200,112,22400,all_layer_corr.json
20,14,0.007291638292372227,0.8818146586418152,False,200,112,22400,all_layer_corr.json
20,15,0.007756937760859728,0.8815657496452332,False,200,112,22400,all_layer_corr.json
20,16,0.008094469085335732,0.8816344738006592,False,200,112,22400,all_layer_corr.json
20,17,0.00852262508124113,0.8811215162277222,False,200,112,22400,all_layer_corr.json
20,18,0.008892744779586792,0.8802720308303833,False,200,112,22400,all_layer_corr.json
20,19,0.009366554208099842,0.8794981837272644,False,200,112,22400,all_layer_corr.json
20,20,0.01007956825196743,0.8782121539115906,True,200,112,22400,all_layer_corr.json
20,21,0.010537211783230305,0.8757352828979492,False,200,112,22400,all_layer_corr.json
20,22,0.011192192323505878,0.8727650046348572,False,200,112,22400,all_layer_corr.json
20,23,0.011669978499412537,0.8695192337036133,False,200,112,22400,all_layer_corr.json
20,24,0.012095890007913113,0.8657834529876709,False,200,112,22400,all_layer_corr.json
20,25,0.012597165070474148,0.8614957928657532,False,200,112,22400,all_layer_corr.json
20,26,0.012996120378375053,0.8571187257766724,False,200,112,22400,all_layer_corr.json
20,27,0.013699580915272236,0.8521949648857117,False,200,112,22400,all_layer_corr.json
20,28,0.014282268472015858,0.847407877445221,False,200,112,22400,all_layer_corr.json
20,29,0.015165927819907665,0.8415685296058655,False,200,112,22400,all_layer_corr.json
20,30,0.01749356836080551,0.831854522228241,False,200,112,22400,all_layer_corr.json
20,31,0.18037277460098267,0.7566220164299011,False,200,112,22400,all_layer_corr.json
21,0,0.12982958555221558,0.7572818398475647,False,200,112,22400,all_layer_corr.json
21,1,0.14346760511398315,0.7195355892181396,False,200,112,22400,all_layer_corr.json
21,2,0.16459454596042633,0.7144071459770203,False,200,112,22400,all_layer_corr.json
21,3,0.013958299532532692,0.7918899059295654,False,200,112,22400,all_layer_corr.json
21,4,0.008204413577914238,0.8670729398727417,False,200,112,22400,all_layer_corr.json
21,5,0.007879161275923252,0.8772097229957581,False,200,112,22400,all_layer_corr.json
21,6,0.008286138996481895,0.8801347613334656,False,200,112,22400,all_layer_corr.json
21,7,0.008084315806627274,0.8796116709709167,False,200,112,22400,all_layer_corr.json
21,8,0.008325767703354359,0.8789439797401428,False,200,112,22400,all_layer_corr.json
21,9,0.008278089575469494,0.8781132698059082,False,200,112,22400,all_layer_corr.json
21,10,0.008480558171868324,0.8775021433830261,False,200,112,22400,all_layer_corr.json
21,11,0.008135782554745674,0.8765798807144165,False,200,112,22400,all_layer_corr.json
21,12,0.008426017127931118,0.8756909966468811,False,200,112,22400,all_layer_corr.json
21,13,0.008958461694419384,0.8756371140480042,False,200,112,22400,all_layer_corr.json
21,14,0.009104641154408455,0.8749264478683472,False,200,112,22400,all_layer_corr.json
21,15,0.009717830456793308,0.8748703002929688,False,200,112,22400,all_layer_corr.json
21,16,0.010114472359418869,0.8751311302185059,False,200,112,22400,all_layer_corr.json
21,17,0.010618847794830799,0.8748200535774231,False,200,112,22400,all_layer_corr.json
21,18,0.010963195003569126,0.8741649985313416,False,200,112,22400,all_layer_corr.json
21,19,0.0114085478708148,0.8736745715141296,False,200,112,22400,all_layer_corr.json
21,20,0.012225964106619358,0.8727121353149414,False,200,112,22400,all_layer_corr.json
21,21,0.012674126774072647,0.8704866766929626,True,200,112,22400,all_layer_corr.json
21,22,0.013450995087623596,0.8678585886955261,False,200,112,22400,all_layer_corr.json
21,23,0.013958686962723732,0.8648570775985718,False,200,112,22400,all_layer_corr.json
21,24,0.014385850168764591,0.8613441586494446,False,200,112,22400,all_layer_corr.json
21,25,0.014898010529577732,0.8572738170623779,False,200,112,22400,all_layer_corr.json
21,26,0.01527523621916771,0.8531206250190735,False,200,112,22400,all_layer_corr.json
21,27,0.01605398580431938,0.8484331369400024,False,200,112,22400,all_layer_corr.json
21,28,0.016680434346199036,0.8438146114349365,False,200,112,22400,all_layer_corr.json
21,29,0.017606578767299652,0.8382081985473633,False,200,112,22400,all_layer_corr.json
21,30,0.01998348906636238,0.8289498686790466,False,200,112,22400,all_layer_corr.json
21,31,0.20360606908798218,0.7600831389427185,False,200,112,22400,all_layer_corr.json
22,0,0.09606628865003586,0.7528913617134094,False,200,112,22400,all_layer_corr.json
22,1,0.1246185302734375,0.7145998477935791,False,200,112,22400,all_layer_corr.json
22,2,0.14603480696678162,0.7093406915664673,False,200,112,22400,all_layer_corr.json
22,3,0.013454947620630264,0.7838408350944519,False,200,112,22400,all_layer_corr.json
22,4,0.008412978611886501,0.853750467300415,False,200,112,22400,all_layer_corr.json
22,5,0.008178896270692348,0.8635114431381226,False,200,112,22400,all_layer_corr.json
22,6,0.008555922657251358,0.866629958152771,False,200,112,22400,all_layer_corr.json
22,7,0.008363689295947552,0.8662406206130981,False,200,112,22400,all_layer_corr.json
22,8,0.0086361113935709,0.8656614422798157,False,200,112,22400,all_layer_corr.json
22,9,0.00858963280916214,0.8648818135261536,False,200,112,22400,all_layer_corr.json
22,10,0.008803900331258774,0.8643367290496826,False,200,112,22400,all_layer_corr.json
22,11,0.008442683145403862,0.8634525537490845,False,200,112,22400,all_layer_corr.json
22,12,0.008718364872038364,0.8626772165298462,False,200,112,22400,all_layer_corr.json
22,13,0.009346463717520237,0.8628675937652588,False,200,112,22400,all_layer_corr.json
22,14,0.009537078440189362,0.8623319864273071,False,200,112,22400,all_layer_corr.json
22,15,0.010306690819561481,0.8625466823577881,False,200,112,22400,all_layer_corr.json
22,16,0.010779649950563908,0.863045334815979,False,200,112,22400,all_layer_corr.json
22,17,0.011301797814667225,0.8629943132400513,False,200,112,22400,all_layer_corr.json
22,18,0.011640273034572601,0.862601637840271,False,200,112,22400,all_layer_corr.json
22,19,0.012016582302749157,0.8624719977378845,False,200,112,22400,all_layer_corr.json
22,20,0.0127525944262743,0.8619523048400879,False,200,112,22400,all_layer_corr.json
22,21,0.01305493526160717,0.8600974082946777,False,200,112,22400,all_layer_corr.json
22,22,0.013709989376366138,0.8579270243644714,True,200,112,22400,all_layer_corr.json
22,23,0.014080852270126343,0.8553079962730408,False,200,112,22400,all_layer_corr.json
22,24,0.014402748085558414,0.8521252274513245,False,200,112,22400,all_layer_corr.json
22,25,0.014787044376134872,0.8483942747116089,False,200,112,22400,all_layer_corr.json
22,26,0.015073539689183235,0.8445860743522644,False,200,112,22400,all_layer_corr.json
22,27,0.01585107110440731,0.8402777910232544,False,200,112,22400,all_layer_corr.json
22,28,0.016438081860542297,0.8359680771827698,False,200,112,22400,all_layer_corr.json
22,29,0.017375031486153603,0.8307338953018188,False,200,112,22400,all_layer_corr.json
22,30,0.019756058230996132,0.8222560882568359,False,200,112,22400,all_layer_corr.json
22,31,0.21748967468738556,0.7640284299850464,False,200,112,22400,all_layer_corr.json
23,0,0.08037564903497696,0.7462038993835449,False,200,112,22400,all_layer_corr.json
23,1,0.11548248678445816,0.7071906328201294,False,200,112,22400,all_layer_corr.json
23,2,0.13709528744220734,0.7018187046051025,False,200,112,22400,all_layer_corr.json
23,3,0.013130342587828636,0.7754641771316528,False,200,112,22400,all_layer_corr.json
23,4,0.008635125122964382,0.8437597751617432,False,200,112,22400,all_layer_corr.json
23,5,0.008464973419904709,0.8533453941345215,False,200,112,22400,all_layer_corr.json
23,6,0.008767073974013329,0.8565040826797485,False,200,112,22400,all_layer_corr.json
23,7,0.008599936030805111,0.8561427593231201,False,200,112,22400,all_layer_corr.json
23,8,0.008898366242647171,0.8556448817253113,False,200,112,22400,all_layer_corr.json
23,9,0.008870354853570461,0.854895830154419,False,200,112,22400,all_layer_corr.json
23,10,0.009095517918467522,0.8543918132781982,False,200,112,22400,all_layer_corr.json
23,11,0.008772134780883789,0.8535173535346985,False,200,112,22400,all_layer_corr.json
23,12,0.009045632556080818,0.8528289794921875,False,200,112,22400,all_layer_corr.json
23,13,0.009751008823513985,0.8531689643859863,False,200,112,22400,all_layer_corr.json
23,14,0.009994352236390114,0.8527292013168335,False,200,112,22400,all_layer_corr.json
23,15,0.01089542731642723,0.8531045913696289,False,200,112,22400,all_layer_corr.json
23,16,0.011457357555627823,0.8537981510162354,False,200,112,22400,all_layer_corr.json
23,17,0.012003682553768158,0.8539273738861084,False,200,112,22400,all_layer_corr.json
23,18,0.012381690554320812,0.8537269830703735,False,200,112,22400,all_layer_corr.json
23,19,0.0127488374710083,0.85387122631073,False,200,112,22400,all_layer_corr.json
23,20,0.013428852893412113,0.8537545800209045,False,200,112,22400,all_layer_corr.json
23,21,0.013606274500489235,0.8522286415100098,False,200,112,22400,all_layer_corr.json
23,22,0.014155309647321701,0.8504976034164429,False,200,112,22400,all_layer_corr.json
23,23,0.01442579086869955,0.848228394985199,True,200,112,22400,all_layer_corr.json
23,24,0.014657526277005672,0.8453835844993591,False,200,112,22400,all_layer_corr.json
23,25,0.014930382370948792,0.8419878482818604,False,200,112,22400,all_layer_corr.json
23,26,0.015160901471972466,0.8385070562362671,False,200,112,22400,all_layer_corr.json
23,27,0.015942463651299477,0.8345662951469421,False,200,112,22400,all_layer_corr.json
23,28,0.016500430181622505,0.8305319547653198,False,200,112,22400,all_layer_corr.json
23,29,0.017430782318115234,0.8256381154060364,False,200,112,22400,all_layer_corr.json
23,30,0.019754063338041306,0.8178061842918396,False,200,112,22400,all_layer_corr.json
23,31,0.21847866475582123,0.7679554224014282,False,200,112,22400,all_layer_corr.json
24,0,0.07336773723363876,0.7403348088264465,False,200,112,22400,all_layer_corr.json
24,1,0.1091013178229332,0.7005685567855835,False,200,112,22400,all_layer_corr.json
24,2,0.13041765987873077,0.6950674057006836,False,200,112,22400,all_layer_corr.json
24,3,0.013081013225018978,0.7678771018981934,False,200,112,22400,all_layer_corr.json
24,4,0.00896220188587904,0.8307924866676331,False,200,112,22400,all_layer_corr.json
24,5,0.008863960392773151,0.8399381041526794,False,200,112,22400,all_layer_corr.json
24,6,0.009119395166635513,0.8431355953216553,False,200,112,22400,all_layer_corr.json
24,7,0.008980032056570053,0.8428781628608704,False,200,112,22400,all_layer_corr.json
24,8,0.009291788563132286,0.8424505591392517,False,200,112,22400,all_layer_corr.json
24,9,0.009278109297156334,0.8418233394622803,False,200,112,22400,all_layer_corr.json
24,10,0.009498931467533112,0.8413920998573303,False,200,112,22400,all_layer_corr.json
24,11,0.009217379614710808,0.8406035900115967,False,200,112,22400,all_layer_corr.json
24,12,0.009492865763604641,0.8400061130523682,False,200,112,22400,all_layer_corr.json
24,13,0.010285235941410065,0.8405613899230957,False,200,112,22400,all_layer_corr.json
24,14,0.01059750746935606,0.8402692675590515,False,200,112,22400,all_layer_corr.json
24,15,0.011650451458990574,0.8408904671669006,False,200,112,22400,all_layer_corr.json
24,16,0.012315858155488968,0.8417922854423523,False,200,112,22400,all_layer_corr.json
24,17,0.01291652675718069,0.842121422290802,False,200,112,22400,all_layer_corr.json
24,18,0.013330495916306973,0.8421683311462402,False,200,112,22400,all_layer_corr.json
24,19,0.01368839293718338,0.8426536917686462,False,200,112,22400,all_layer_corr.json
24,20,0.014297166839241982,0.842925488948822,False,200,112,22400,all_layer_corr.json
24,21,0.014327598735690117,0.8417297005653381,False,200,112,22400,all_layer_corr.json
24,22,0.014751175418496132,0.8404521942138672,False,200,112,22400,all_layer_corr.json
24,23,0.014902100898325443,0.8385622501373291,False,200,112,22400,all_layer_corr.json
24,24,0.015024770051240921,0.836065948009491,True,200,112,22400,all_layer_corr.json
24,25,0.01516631431877613,0.8330269455909729,False,200,112,22400,all_layer_corr.json
24,26,0.015322820283472538,0.8299498558044434,False,200,112,22400,all_layer_corr.json
24,27,0.016104141250252724,0.8264437913894653,False,200,112,22400,all_layer_corr.json
24,28,0.016624748706817627,0.8227741122245789,False,200,112,22400,all_layer_corr.json
24,29,0.017541134729981422,0.8183042407035828,False,200,112,22400,all_layer_corr.json
24,30,0.019805055111646652,0.8112858533859253,False,200,112,22400,all_layer_corr.json
24,31,0.22278699278831482,0.7718859314918518,False,200,112,22400,all_layer_corr.json
25,0,0.06945794075727463,0.7324002981185913,False,200,112,22400,all_layer_corr.json
25,1,0.10260634124279022,0.6919425129890442,False,200,112,22400,all_layer_corr.json
25,2,0.12365486472845078,0.6864426136016846,False,200,112,22400,all_layer_corr.json
25,3,0.01214792300015688,0.7573071718215942,False,200,112,22400,all_layer_corr.json
25,4,0.008330877870321274,0.815543532371521,False,200,112,22400,all_layer_corr.json
25,5,0.008260720409452915,0.8241639137268066,False,200,112,22400,all_layer_corr.json
25,6,0.008424832485616207,0.8273948431015015,False,200,112,22400,all_layer_corr.json
25,7,0.008359433151781559,0.8272664546966553,False,200,112,22400,all_layer_corr.json
25,8,0.008675038814544678,0.8269494771957397,False,200,112,22400,all_layer_corr.json
25,9,0.008713907562196255,0.8264163136482239,False,200,112,22400,all_layer_corr.json
25,10,0.008921002969145775,0.8259737491607666,False,200,112,22400,all_layer_corr.json
25,11,0.008761865086853504,0.8252105712890625,False,200,112,22400,all_layer_corr.json
25,12,0.009027976542711258,0.8247561454772949,False,200,112,22400,all_layer_corr.json
25,13,0.009820579551160336,0.8254866003990173,False,200,112,22400,all_layer_corr.json
25,14,0.010180915705859661,0.8252971172332764,False,200,112,22400,all_layer_corr.json
25,15,0.011278994381427765,0.8261714577674866,False,200,112,22400,all_layer_corr.json
25,16,0.011983014643192291,0.82728111743927,False,200,112,22400,all_layer_corr.json
25,17,0.012576183304190636,0.8278748989105225,False,200,112,22400,all_layer_corr.json
25,18,0.013013784773647785,0.8282009959220886,False,200,112,22400,all_layer_corr.json
25,19,0.013346620835363865,0.8290976285934448,False,200,112,22400,all_layer_corr.json
25,20,0.013836067169904709,0.8298477530479431,False,200,112,22400,all_layer_corr.json
25,21,0.013746951706707478,0.8290672898292542,False,200,112,22400,all_layer_corr.json
25,22,0.014019536785781384,0.82832932472229,False,200,112,22400,all_layer_corr.json
25,23,0.014065363444387913,0.8268724083900452,False,200,112,22400,all_layer_corr.json
25,24,0.014119373634457588,0.8247830271720886,False,200,112,22400,all_layer_corr.json
25,25,0.014187248423695564,0.8221350908279419,True,200,112,22400,all_layer_corr.json
25,26,0.01431964710354805,0.8194856643676758,False,200,112,22400,all_layer_corr.json
25,27,0.015059961006045341,0.8164372444152832,False,200,112,22400,all_layer_corr.json
25,28,0.015545780770480633,0.8131539225578308,False,200,112,22400,all_layer_corr.json
25,29,0.016421571373939514,0.8091541528701782,False,200,112,22400,all_layer_corr.json
25,30,0.01860513724386692,0.8029741048812866,False,200,112,22400,all_layer_corr.json
25,31,0.21261925995349884,0.7746134400367737,False,200,112,22400,all_layer_corr.json
26,0,0.07244911044836044,0.7228584289550781,False,200,112,22400,all_layer_corr.json
26,1,0.10144118219614029,0.6816522479057312,False,200,112,22400,all_layer_corr.json
26,2,0.12230949103832245,0.6763176918029785,False,200,112,22400,all_layer_corr.json
26,3,0.011346634477376938,0.7480003833770752,False,200,112,22400,all_layer_corr.json
26,4,0.00749451108276844,0.801041841506958,False,200,112,22400,all_layer_corr.json
26,5,0.007406102493405342,0.8091883063316345,False,200,112,22400,all_layer_corr.json
26,6,0.007519715931266546,0.8125054240226746,False,200,112,22400,all_layer_corr.json
26,7,0.007515430450439453,0.8124633431434631,False,200,112,22400,all_layer_corr.json
26,8,0.007823724299669266,0.8122221827507019,False,200,112,22400,all_layer_corr.json
26,9,0.00790657103061676,0.8117848038673401,False,200,112,22400,all_layer_corr.json
26,10,0.008105908520519733,0.811342716217041,False,200,112,22400,all_layer_corr.json
26,11,0.008047354407608509,0.8106052279472351,False,200,112,22400,all_layer_corr.json
26,12,0.00832557212561369,0.8102208971977234,False,200,112,22400,all_layer_corr.json
26,13,0.009114191867411137,0.8111183047294617,False,200,112,22400,all_layer_corr.json
26,14,0.009515873156487942,0.8110334277153015,False,200,112,22400,all_layer_corr.json
26,15,0.010651102289557457,0.8120713233947754,False,200,112,22400,all_layer_corr.json
26,16,0.011383327655494213,0.8133896589279175,False,200,112,22400,all_layer_corr.json
26,17,0.012014400213956833,0.8141559362411499,False,200,112,22400,all_layer_corr.json
26,18,0.01248281728476286,0.81467604637146,False,200,112,22400,all_layer_corr.json
26,19,0.012837334536015987,0.8158780932426453,False,200,112,22400,all_layer_corr.json
26,20,0.013266568072140217,0.8170256614685059,False,200,112,22400,all_layer_corr.json
26,21,0.013116640038788319,0.8165567517280579,False,200,112,22400,all_layer_corr.json
26,22,0.013303538784384727,0.8162909746170044,False,200,112,22400,all_layer_corr.json
26,23,0.01329103671014309,0.8152099251747131,False,200,112,22400,all_layer_corr.json
26,24,0.013314085081219673,0.8134868144989014,False,200,112,22400,all_layer_corr.json
26,25,0.01335258036851883,0.8111878037452698,False,200,112,22400,all_layer_corr.json
26,26,0.013491763733327389,0.8089203834533691,True,200,112,22400,all_layer_corr.json
26,27,0.014217968098819256,0.8063251972198486,False,200,112,22400,all_layer_corr.json
26,28,0.014695287682116032,0.803439736366272,False,200,112,22400,all_layer_corr.json
26,29,0.015560131520032883,0.799898087978363,False,200,112,22400,all_layer_corr.json
26,30,0.017749527469277382,0.7945796251296997,False,200,112,22400,all_layer_corr.json
26,31,0.21104292571544647,0.7765105366706848,False,200,112,22400,all_layer_corr.json
27,0,0.07428226619958878,0.7132553458213806,False,200,112,22400,all_layer_corr.json
27,1,0.09956218302249908,0.6711888313293457,False,200,112,22400,all_layer_corr.json
27,2,0.11991209536790848,0.6658468246459961,False,200,112,22400,all_layer_corr.json
27,3,0.010382425040006638,0.7370353937149048,False,200,112,22400,all_layer_corr.json
27,4,0.006446004379540682,0.7847900986671448,False,200,112,22400,all_layer_corr.json
27,5,0.006326573435217142,0.7926532030105591,False,200,112,22400,all_layer_corr.json
27,6,0.006398345343768597,0.7961707711219788,False,200,112,22400,all_layer_corr.json
27,7,0.006442367564886808,0.7961851358413696,False,200,112,22400,all_layer_corr.json
27,8,0.006736168637871742,0.7960261106491089,False,200,112,22400,all_layer_corr.json
27,9,0.006849735509604216,0.7956310510635376,False,200,112,22400,all_layer_corr.json
27,10,0.0070443060249090195,0.7952211499214172,False,200,112,22400,all_layer_corr.json
27,11,0.007067093625664711,0.79453444480896,False,200,112,22400,all_layer_corr.json
27,12,0.0073504336178302765,0.794240415096283,False,200,112,22400,all_layer_corr.json
27,13,0.00809808075428009,0.7952883839607239,False,200,112,22400,all_layer_corr.json
27,14,0.008498486131429672,0.7952901124954224,False,200,112,22400,all_layer_corr.json
27,15,0.009565290994942188,0.7964908480644226,False,200,112,22400,all_layer_corr.json
27,16,0.010265184566378593,0.797985851764679,False,200,112,22400,all_layer_corr.json
27,17,0.010866273194551468,0.7988775372505188,False,200,112,22400,all_layer_corr.json
27,18,0.011332906782627106,0.7995868921279907,False,200,112,22400,all_layer_corr.json
27,19,0.011688346043229103,0.801085352897644,False,200,112,22400,all_layer_corr.json
27,20,0.012089470401406288,0.802607536315918,False,200,112,22400,all_layer_corr.json
27,21,0.011948925442993641,0.8024388551712036,False,200,112,22400,all_layer_corr.json
27,22,0.012126833200454712,0.802623987197876,False,200,112,22400,all_layer_corr.json
27,23,0.012126246467232704,0.8019226789474487,False,200,112,22400,all_layer_corr.json
27,24,0.012188810855150223,0.8005786538124084,False,200,112,22400,all_layer_corr.json
27,25,0.01228305883705616,0.7986665964126587,False,200,112,22400,all_layer_corr.json
27,26,0.01247554924339056,0.7968318462371826,False,200,112,22400,all_layer_corr.json
27,27,0.013190613128244877,0.7947296500205994,True,200,112,22400,all_layer_corr.json
27,28,0.013679700903594494,0.792270302772522,False,200,112,22400,all_layer_corr.json
27,29,0.014537250623106956,0.7892346978187561,False,200,112,22400,all_layer_corr.json
27,30,0.01673453114926815,0.7848435640335083,False,200,112,22400,all_layer_corr.json
27,31,0.19907478988170624,0.7778090834617615,False,200,112,22400,all_layer_corr.json
28,0,0.08015481382608414,0.70337975025177,False,200,112,22400,all_layer_corr.json
28,1,0.10429695248603821,0.6607260704040527,False,200,112,22400,all_layer_corr.json
28,2,0.12537789344787598,0.6555728912353516,False,200,112,22400,all_layer_corr.json
28,3,0.010498588904738426,0.7243930101394653,False,200,112,22400,all_layer_corr.json
28,4,0.0061229560524225235,0.7630310654640198,False,200,112,22400,all_layer_corr.json
28,5,0.005949377082288265,0.7699536085128784,False,200,112,22400,all_layer_corr.json
28,6,0.006013003643602133,0.7734146118164062,False,200,112,22400,all_layer_corr.json
28,7,0.006102303974330425,0.7736095190048218,False,200,112,22400,all_layer_corr.json
28,8,0.0063872383907437325,0.7736191153526306,False,200,112,22400,all_layer_corr.json
28,9,0.006528664380311966,0.7733871936798096,False,200,112,22400,all_layer_corr.json
28,10,0.006722285877913237,0.7730656862258911,False,200,112,22400,all_layer_corr.json
28,11,0.006803953088819981,0.7724702954292297,False,200,112,22400,all_layer_corr.json
28,12,0.0071155051700770855,0.7724124789237976,False,200,112,22400,all_layer_corr.json
28,13,0.0078557338565588,0.7737472057342529,False,200,112,22400,all_layer_corr.json
28,14,0.008266128599643707,0.7739412784576416,False,200,112,22400,all_layer_corr.json
28,15,0.00931426603347063,0.7754780054092407,False,200,112,22400,all_layer_corr.json
28,16,0.010005975142121315,0.7773091197013855,False,200,112,22400,all_layer_corr.json
28,17,0.010625331662595272,0.778510570526123,False,200,112,22400,all_layer_corr.json
28,18,0.011111547239124775,0.7795711755752563,False,200,112,22400,all_layer_corr.json
28,19,0.011508332565426826,0.7815036773681641,False,200,112,22400,all_layer_corr.json
28,20,0.0119413947686553,0.7835675477981567,False,200,112,22400,all_layer_corr.json
28,21,0.011860900558531284,0.7837684154510498,False,200,112,22400,all_layer_corr.json
28,22,0.012096480466425419,0.7844861149787903,False,200,112,22400,all_layer_corr.json
28,23,0.012144302949309349,0.784191370010376,False,200,112,22400,all_layer_corr.json
28,24,0.012275999411940575,0.7832543849945068,False,200,112,22400,all_layer_corr.json
28,25,0.012464277446269989,0.7817423343658447,False,200,112,22400,all_layer_corr.json
28,26,0.012731550261378288,0.7803711891174316,False,200,112,22400,all_layer_corr.json
28,27,0.013472341001033783,0.7788358926773071,False,200,112,22400,all_layer_corr.json
28,28,0.014009403064846992,0.7768527269363403,True,200,112,22400,all_layer_corr.json
28,29,0.014892934821546078,0.7744237780570984,False,200,112,22400,all_layer_corr.json
28,30,0.017197085544466972,0.7711595296859741,False,200,112,22400,all_layer_corr.json
28,31,0.20187781751155853,0.7782135605812073,False,200,112,22400,all_layer_corr.json
29,0,0.09012483060359955,0.6946886777877808,False,200,112,22400,all_layer_corr.json
29,1,0.11418968439102173,0.6515325903892517,False,200,112,22400,all_layer_corr.json
29,2,0.13688932359218597,0.6463655233383179,False,200,112,22400,all_layer_corr.json
29,3,0.012257223017513752,0.7132508754730225,False,200,112,22400,all_layer_corr.json
29,4,0.007154557853937149,0.7437899112701416,False,200,112,22400,all_layer_corr.json
29,5,0.006930557079613209,0.7498362064361572,False,200,112,22400,all_layer_corr.json
29,6,0.007036132272332907,0.7533336877822876,False,200,112,22400,all_layer_corr.json
29,7,0.007153957150876522,0.7536439299583435,False,200,112,22400,all_layer_corr.json
29,8,0.007442732807248831,0.753751814365387,False,200,112,22400,all_layer_corr.json
29,9,0.007583843544125557,0.7535921335220337,False,200,112,22400,all_layer_corr.json
29,10,0.00777414720505476,0.7533033490180969,False,200,112,22400,all_layer_corr.json
29,11,0.007858095690608025,0.7528070211410522,False,200,112,22400,all_layer_corr.json
29,12,0.008206412196159363,0.7528879046440125,False,200,112,22400,all_layer_corr.json
29,13,0.009006649255752563,0.7544002532958984,False,200,112,22400,all_layer_corr.json
29,14,0.00945509597659111,0.7547498941421509,False,200,112,22400,all_layer_corr.json
29,15,0.01059664599597454,0.7565070390701294,False,200,112,22400,all_layer_corr.json
29,16,0.011351636610925198,0.7585782408714294,False,200,112,22400,all_layer_corr.json
29,17,0.012058468535542488,0.759971022605896,False,200,112,22400,all_layer_corr.json
29,18,0.012598038651049137,0.7612866163253784,False,200,112,22400,all_layer_corr.json
29,19,0.01307424996048212,0.7635760307312012,False,200,112,22400,all_layer_corr.json
29,20,0.013588189147412777,0.7660517692565918,False,200,112,22400,all_layer_corr.json
29,21,0.01354648545384407,0.7665525674819946,False,200,112,22400,all_layer_corr.json
29,22,0.013852033764123917,0.7677165269851685,False,200,112,22400,all_layer_corr.json
29,23,0.013920311816036701,0.767774760723114,False,200,112,22400,all_layer_corr.json
29,24,0.014077230356633663,0.7671618461608887,False,200,112,22400,all_layer_corr.json
29,25,0.014301602728664875,0.7660084962844849,False,200,112,22400,all_layer_corr.json
29,26,0.014598820358514786,0.7650392055511475,False,200,112,22400,all_layer_corr.json
29,27,0.015379558317363262,0.7639788389205933,False,200,112,22400,all_layer_corr.json
29,28,0.015957113355398178,0.7624361515045166,False,200,112,22400,all_layer_corr.json
29,29,0.016872042790055275,0.7605721950531006,True,200,112,22400,all_layer_corr.json
29,30,0.019292887300252914,0.7583431005477905,False,200,112,22400,all_layer_corr.json
29,31,0.22088909149169922,0.7780078053474426,False,200,112,22400,all_layer_corr.json
30,0,0.1485874503850937,0.6876242756843567,False,200,112,22400,all_layer_corr.json
30,1,0.18937018513679504,0.6441687345504761,False,200,112,22400,all_layer_corr.json
30,2,0.22858303785324097,0.6388659477233887,False,200,112,22400,all_layer_corr.json
30,3,0.02951493114233017,0.7008939385414124,False,200,112,22400,all_layer_corr.json
30,4,0.018353067338466644,0.7212344408035278,False,200,112,22400,all_layer_corr.json
30,5,0.017766805365681648,0.7265664339065552,False,200,112,22400,all_layer_corr.json
30,6,0.01840672828257084,0.7302701473236084,False,200,112,22400,all_layer_corr.json
30,7,0.01856568269431591,0.7308090925216675,False,200,112,22400,all_layer_corr.json
30,8,0.018885619938373566,0.7310979962348938,False,200,112,22400,all_layer_corr.json
30,9,0.0189998559653759,0.7311264276504517,False,200,112,22400,all_layer_corr.json
30,10,0.019205773249268532,0.730959415435791,False,200,112,22400,all_layer_corr.json
30,11,0.019031941890716553,0.7306073904037476,False,200,112,22400,all_layer_corr.json
30,12,0.019628318026661873,0.7308803796768188,False,200,112,22400,all_layer_corr.json
30,13,0.020841563120484352,0.7326977849006653,False,200,112,22400,all_layer_corr.json
30,14,0.02138511836528778,0.7332097291946411,False,200,112,22400,all_layer_corr.json
30,15,0.02311212755739689,0.7352790832519531,False,200,112,22400,all_layer_corr.json
30,16,0.024246014654636383,0.737587571144104,False,200,112,22400,all_layer_corr.json
30,17,0.025772972032427788,0.7392328977584839,False,200,112,22400,all_layer_corr.json
30,18,0.026675131171941757,0.7408194541931152,False,200,112,22400,all_layer_corr.json
30,19,0.02799323946237564,0.7433996200561523,False,200,112,22400,all_layer_corr.json
30,20,0.029727522283792496,0.7463337182998657,False,200,112,22400,all_layer_corr.json
30,21,0.030471932142972946,0.7471689581871033,False,200,112,22400,all_layer_corr.json
30,22,0.0319674089550972,0.7487807869911194,False,200,112,22400,all_layer_corr.json
30,23,0.032668907195329666,0.7491298913955688,False,200,112,22400,all_layer_corr.json
30,24,0.033273689448833466,0.748820424079895,False,200,112,22400,all_layer_corr.json
30,25,0.03394731506705284,0.7479661703109741,False,200,112,22400,all_layer_corr.json
30,26,0.03453528508543968,0.7473316192626953,False,200,112,22400,all_layer_corr.json
30,27,0.03586794063448906,0.746708869934082,False,200,112,22400,all_layer_corr.json
30,28,0.0368097648024559,0.7455649375915527,False,200,112,22400,all_layer_corr.json
30,29,0.03813103958964348,0.7442341446876526,False,200,112,22400,all_layer_corr.json
30,30,0.04174796864390373,0.7430950403213501,True,200,112,22400,all_layer_corr.json
30,31,0.4185013771057129,0.7770707607269287,False,200,112,22400,all_layer_corr.json
31,0,0.13687068223953247,0.6814192533493042,False,200,112,22400,all_layer_corr.json
31,1,0.16645307838916779,0.638016939163208,False,200,112,22400,all_layer_corr.json
31,2,0.20605488121509552,0.6326776742935181,False,200,112,22400,all_layer_corr.json
31,3,0.049758221954107285,0.6861711740493774,False,200,112,22400,all_layer_corr.json
31,4,0.034243885427713394,0.6882044076919556,False,200,112,22400,all_layer_corr.json
31,5,0.03377913683652878,0.6916218400001526,False,200,112,22400,all_layer_corr.json
31,6,0.03525156155228615,0.6953122615814209,False,200,112,22400,all_layer_corr.json
31,7,0.03541005402803421,0.6960442662239075,False,200,112,22400,all_layer_corr.json
31,8,0.03575592860579491,0.6965643167495728,False,200,112,22400,all_layer_corr.json
31,9,0.03579211235046387,0.6966886520385742,False,200,112,22400,all_layer_corr.json
31,10,0.03593335300683975,0.6967533826828003,False,200,112,22400,all_layer_corr.json
31,11,0.0354745052754879,0.696467399597168,False,200,112,22400,all_layer_corr.json
31,12,0.03628167137503624,0.6969907283782959,False,200,112,22400,all_layer_corr.json
31,13,0.038033924996852875,0.699160099029541,False,200,112,22400,all_layer_corr.json
31,14,0.038639917969703674,0.6998907327651978,False,200,112,22400,all_layer_corr.json
31,15,0.041143596172332764,0.7022196054458618,False,200,112,22400,all_layer_corr.json
31,16,0.042656149715185165,0.7047119736671448,False,200,112,22400,all_layer_corr.json
31,17,0.04488437622785568,0.7065433263778687,False,200,112,22400,all_layer_corr.json
31,18,0.045986562967300415,0.7084200382232666,False,200,112,22400,all_layer_corr.json
31,19,0.047886982560157776,0.7113345265388489,False,200,112,22400,all_layer_corr.json
31,20,0.050381507724523544,0.7147772312164307,False,200,112,22400,all_layer_corr.json
31,21,0.05138009786605835,0.716066837310791,False,200,112,22400,all_layer_corr.json
31,22,0.05353856459259987,0.718302845954895,False,200,112,22400,all_layer_corr.json
31,23,0.054328348487615585,0.7191672921180725,False,200,112,22400,all_layer_corr.json
31,24,0.054892443120479584,0.7193315029144287,False,200,112,22400,all_layer_corr.json
31,25,0.05551312118768692,0.719009280204773,False,200,112,22400,all_layer_corr.json
31,26,0.055832669138908386,0.7189127206802368,False,200,112,22400,all_layer_corr.json
31,27,0.05721062421798706,0.7189565896987915,False,200,112,22400,all_layer_corr.json
31,28,0.05794991925358772,0.7184297442436218,False,200,112,22400,all_layer_corr.json
31,29,0.05875923112034798,0.7178910970687866,False,200,112,22400,all_layer_corr.json
31,30,0.06112026795744896,0.7183729410171509,False,200,112,22400,all_layer_corr.json
31,31,0.5051611661911011,0.7743995189666748,True,200,112,22400,all_layer_corr.json
