execution_path,producer_path,source_model,target_model,domain,context_tokens,windows,config,config_type,switch_layer,cross_entropy,standard_error,perplexity,source_file
A_parent,A_to_B,RWKV-Raven-7B,Tulu-Pythia-6.9B,alpaca,512,48,pure-RWKV,pure-RWKV,,1.2294907106423176,0.028989113020013727,3.4194875841131567,a_to_b_longctx_alpaca.json
B_parent,A_to_B,RWKV-Raven-7B,Tulu-Pythia-6.9B,alpaca,512,48,pure-Pythia,pure-Pythia,,1.6470922929200176,0.02919132392367617,5.191861445635416,a_to_b_longctx_alpaca.json
A_to_B,A_to_B,RWKV-Raven-7B,Tulu-Pythia-6.9B,alpaca,512,48,A_to_B@4,A_to_B,4,1.8570529318135778,0.034269873768227536,6.404833449523018,a_to_b_longctx_alpaca.json
A_to_B,A_to_B,RWKV-Raven-7B,Tulu-Pythia-6.9B,alpaca,512,48,A_to_B_affine@4,A_to_B_affine,4,2.7784791586839215,0.08649501647633351,16.094525106860196,a_to_b_longctx_alpaca.json
B_to_A,B_to_A,Tulu-Pythia-6.9B,RWKV-Raven-7B,alpaca,512,48,B_to_A@4,B_to_A,4,1.3483057613086638,0.031400655697536216,3.8508956642520777,b_to_a_longctx_alpaca.json
B_to_A,B_to_A,Tulu-Pythia-6.9B,RWKV-Raven-7B,alpaca,512,48,B_to_A_affine@4,B_to_A_affine,4,1.3494469878413826,0.03205661965001176,3.855292917212481,b_to_a_longctx_alpaca.json
A_to_B,A_to_B,RWKV-Raven-7B,Tulu-Pythia-6.9B,alpaca,512,48,A_to_B@8,A_to_B,8,1.91930795260216,0.03168009813079168,6.8162396757340336,a_to_b_longctx_alpaca.json
A_to_B,A_to_B,RWKV-Raven-7B,Tulu-Pythia-6.9B,alpaca,512,48,A_to_B_affine@8,A_to_B_affine,8,4.10648929722855,0.14114087960333638,60.73312690538418,a_to_b_longctx_alpaca.json
B_to_A,B_to_A,Tulu-Pythia-6.9B,RWKV-Raven-7B,alpaca,512,48,B_to_A@8,B_to_A,8,1.3392789085472787,0.031466457552892076,3.8162906183979626,b_to_a_longctx_alpaca.json
B_to_A,B_to_A,Tulu-Pythia-6.9B,RWKV-Raven-7B,alpaca,512,48,B_to_A_affine@8,B_to_A_affine,8,1.3526628012759812,0.03234140838692125,3.867710776027008,b_to_a_longctx_alpaca.json
A_to_B,A_to_B,RWKV-Raven-7B,Tulu-Pythia-6.9B,alpaca,512,48,A_to_B@16,A_to_B,16,2.2149435741327514,0.039708739873113574,9.160892185738597,a_to_b_longctx_alpaca.json
A_to_B,A_to_B,RWKV-Raven-7B,Tulu-Pythia-6.9B,alpaca,512,48,A_to_B_affine@16,A_to_B_affine,16,4.633053734188988,0.07946050999397349,102.82759328665615,a_to_b_longctx_alpaca.json
B_to_A,B_to_A,Tulu-Pythia-6.9B,RWKV-Raven-7B,alpaca,512,48,B_to_A@16,B_to_A,16,1.4139363188721819,0.03223322320479629,4.112110164913527,b_to_a_longctx_alpaca.json
B_to_A,B_to_A,Tulu-Pythia-6.9B,RWKV-Raven-7B,alpaca,512,48,B_to_A_affine@16,B_to_A_affine,16,1.4150777295455386,0.0332786567832551,4.116806451031461,b_to_a_longctx_alpaca.json
A_to_B,A_to_B,RWKV-Raven-7B,Tulu-Pythia-6.9B,alpaca,512,48,A_to_B@24,A_to_B,24,2.17830074183395,0.041497939333258106,8.831286865099017,a_to_b_longctx_alpaca.json
A_to_B,A_to_B,RWKV-Raven-7B,Tulu-Pythia-6.9B,alpaca,512,48,A_to_B_affine@24,A_to_B_affine,24,2.925700516772286,0.056532504859663366,18.647284210981955,a_to_b_longctx_alpaca.json
B_to_A,B_to_A,Tulu-Pythia-6.9B,RWKV-Raven-7B,alpaca,512,48,B_to_A@24,B_to_A,24,1.5861800381037743,0.03696912112555756,4.8850525267775025,b_to_a_longctx_alpaca.json
B_to_A,B_to_A,Tulu-Pythia-6.9B,RWKV-Raven-7B,alpaca,512,48,B_to_A_affine@24,B_to_A_affine,24,1.5533296444489142,0.037058033367414686,4.727183849074115,b_to_a_longctx_alpaca.json
A_parent,A_to_B,RWKV-Raven-7B,Tulu-Pythia-6.9B,alpaca,1024,32,pure-RWKV,pure-RWKV,,1.1737176656489965,0.027021516067969337,3.23399322314096,a_to_b_longctx_alpaca.json
B_parent,A_to_B,RWKV-Raven-7B,Tulu-Pythia-6.9B,alpaca,1024,32,pure-Pythia,pure-Pythia,,1.4631396067107527,0.02723912911535436,4.319499792205926,a_to_b_longctx_alpaca.json
A_to_B,A_to_B,RWKV-Raven-7B,Tulu-Pythia-6.9B,alpaca,1024,32,A_to_B@4,A_to_B,4,1.6900796713134527,0.03452321862752066,5.419912499477799,a_to_b_longctx_alpaca.json
A_to_B,A_to_B,RWKV-Raven-7B,Tulu-Pythia-6.9B,alpaca,1024,32,A_to_B_affine@4,A_to_B_affine,4,2.977949539587295,0.1324117804443187,19.64748891545541,a_to_b_longctx_alpaca.json
B_to_A,B_to_A,Tulu-Pythia-6.9B,RWKV-Raven-7B,alpaca,1024,32,B_to_A@4,B_to_A,4,1.2881043015570468,0.03057164056362468,3.6259064113354325,b_to_a_longctx_alpaca.json
B_to_A,B_to_A,Tulu-Pythia-6.9B,RWKV-Raven-7B,alpaca,1024,32,B_to_A_affine@4,B_to_A_affine,4,1.2872576158883402,0.030600392701324298,3.622837707637928,b_to_a_longctx_alpaca.json
A_to_B,A_to_B,RWKV-Raven-7B,Tulu-Pythia-6.9B,alpaca,1024,32,A_to_B@8,A_to_B,8,1.759385266495124,0.03206351371078884,5.808865392418392,a_to_b_longctx_alpaca.json
A_to_B,A_to_B,RWKV-Raven-7B,Tulu-Pythia-6.9B,alpaca,1024,32,A_to_B_affine@8,A_to_B_affine,8,4.411542234299586,0.14519828708495597,82.39644018135206,a_to_b_longctx_alpaca.json
B_to_A,B_to_A,Tulu-Pythia-6.9B,RWKV-Raven-7B,alpaca,1024,32,B_to_A@8,B_to_A,8,1.282845575438916,0.03017502413473452,3.6068888105914714,b_to_a_longctx_alpaca.json
B_to_A,B_to_A,Tulu-Pythia-6.9B,RWKV-Raven-7B,alpaca,1024,32,B_to_A_affine@8,B_to_A_affine,8,1.290708749758067,0.030506589546956554,3.635362204982874,b_to_a_longctx_alpaca.json
A_to_B,A_to_B,RWKV-Raven-7B,Tulu-Pythia-6.9B,alpaca,1024,32,A_to_B@16,A_to_B,16,2.113095049517828,0.04049866328110766,8.273809546945987,a_to_b_longctx_alpaca.json
A_to_B,A_to_B,RWKV-Raven-7B,Tulu-Pythia-6.9B,alpaca,1024,32,A_to_B_affine@16,A_to_B_affine,16,4.848170928358449,0.06987544523954689,127.50695706919618,a_to_b_longctx_alpaca.json
B_to_A,B_to_A,Tulu-Pythia-6.9B,RWKV-Raven-7B,alpaca,1024,32,B_to_A@16,B_to_A,16,1.3733475993688737,0.030740739575253265,3.948546748200447,b_to_a_longctx_alpaca.json
B_to_A,B_to_A,Tulu-Pythia-6.9B,RWKV-Raven-7B,alpaca,1024,32,B_to_A_affine@16,B_to_A_affine,16,1.3615719272244362,0.031059366509841674,3.902322650300752,b_to_a_longctx_alpaca.json
A_to_B,A_to_B,RWKV-Raven-7B,Tulu-Pythia-6.9B,alpaca,1024,32,A_to_B@24,A_to_B,24,2.07288198573615,0.041374612365416064,7.947695287839423,a_to_b_longctx_alpaca.json
A_to_B,A_to_B,RWKV-Raven-7B,Tulu-Pythia-6.9B,alpaca,1024,32,A_to_B_affine@24,A_to_B_affine,24,2.7926336663209796,0.055087884195382894,16.32395508910439,a_to_b_longctx_alpaca.json
B_to_A,B_to_A,Tulu-Pythia-6.9B,RWKV-Raven-7B,alpaca,1024,32,B_to_A@24,B_to_A,24,1.549190060717153,0.0364937285985845,4.707655722758853,b_to_a_longctx_alpaca.json
B_to_A,B_to_A,Tulu-Pythia-6.9B,RWKV-Raven-7B,alpaca,1024,32,B_to_A_affine@24,B_to_A_affine,24,1.5036295753769862,0.034824353591222525,4.497985254859869,b_to_a_longctx_alpaca.json
A_parent,A_to_B,RWKV-Raven-7B,Tulu-Pythia-6.9B,alpaca,2048,20,pure-RWKV,pure-RWKV,,1.1379712930818155,0.025830830845077632,3.1204314985680774,a_to_b_longctx_alpaca.json
B_parent,A_to_B,RWKV-Raven-7B,Tulu-Pythia-6.9B,alpaca,2048,20,pure-Pythia,pure-Pythia,,1.3500944159004127,0.022763457516396225,3.8577897501955154,a_to_b_longctx_alpaca.json
A_to_B,A_to_B,RWKV-Raven-7B,Tulu-Pythia-6.9B,alpaca,2048,20,A_to_B@4,A_to_B,4,1.5981606830546609,0.027761399128944576,4.943930601061078,a_to_b_longctx_alpaca.json
A_to_B,A_to_B,RWKV-Raven-7B,Tulu-Pythia-6.9B,alpaca,2048,20,A_to_B_affine@4,A_to_B_affine,4,3.333413664981337,0.15506063150127522,28.033876811599022,a_to_b_longctx_alpaca.json
B_to_A,B_to_A,Tulu-Pythia-6.9B,RWKV-Raven-7B,alpaca,2048,20,B_to_A@4,B_to_A,4,1.25375587973993,0.027812646124483843,3.5034769152044185,b_to_a_longctx_alpaca.json
B_to_A,B_to_A,Tulu-Pythia-6.9B,RWKV-Raven-7B,alpaca,2048,20,B_to_A_affine@4,B_to_A_affine,4,1.254508721706165,0.028193228871523725,3.5061154727377195,b_to_a_longctx_alpaca.json
A_to_B,A_to_B,RWKV-Raven-7B,Tulu-Pythia-6.9B,alpaca,2048,20,A_to_B@8,A_to_B,8,1.6685885460596872,0.026830469023649633,5.304675205979817,a_to_b_longctx_alpaca.json
A_to_B,A_to_B,RWKV-Raven-7B,Tulu-Pythia-6.9B,alpaca,2048,20,A_to_B_affine@8,A_to_B_affine,8,4.831896292831354,0.14053178745461423,125.44862256893599,a_to_b_longctx_alpaca.json
B_to_A,B_to_A,Tulu-Pythia-6.9B,RWKV-Raven-7B,alpaca,2048,20,B_to_A@8,B_to_A,8,1.2476685815167299,0.02671592259269724,3.482214985911056,b_to_a_longctx_alpaca.json
B_to_A,B_to_A,Tulu-Pythia-6.9B,RWKV-Raven-7B,alpaca,2048,20,B_to_A_affine@8,B_to_A_affine,8,1.2558992185532085,0.02757373000312175,3.5109941063241794,b_to_a_longctx_alpaca.json
A_to_B,A_to_B,RWKV-Raven-7B,Tulu-Pythia-6.9B,alpaca,2048,20,A_to_B@16,A_to_B,16,2.056947008364947,0.038742216539491704,7.822052658128616,a_to_b_longctx_alpaca.json
A_to_B,A_to_B,RWKV-Raven-7B,Tulu-Pythia-6.9B,alpaca,2048,20,A_to_B_affine@16,A_to_B_affine,16,5.141353453248084,0.07649248244747817,170.94698056464213,a_to_b_longctx_alpaca.json
B_to_A,B_to_A,Tulu-Pythia-6.9B,RWKV-Raven-7B,alpaca,2048,20,B_to_A@16,B_to_A,16,1.3378239492352089,0.02570673325275671,3.810742108232233,b_to_a_longctx_alpaca.json
B_to_A,B_to_A,Tulu-Pythia-6.9B,RWKV-Raven-7B,alpaca,2048,20,B_to_A_affine@16,B_to_A_affine,16,1.3289296979955423,0.0283434352735437,3.776998694159971,b_to_a_longctx_alpaca.json
A_to_B,A_to_B,RWKV-Raven-7B,Tulu-Pythia-6.9B,alpaca,2048,20,A_to_B@24,A_to_B,24,2.0240919805469892,0.03572235832815557,7.5692348108250265,a_to_b_longctx_alpaca.json
A_to_B,A_to_B,RWKV-Raven-7B,Tulu-Pythia-6.9B,alpaca,2048,20,A_to_B_affine@24,A_to_B_affine,24,2.9329644199924814,0.05218733042979839,18.783229427504164,a_to_b_longctx_alpaca.json
B_to_A,B_to_A,Tulu-Pythia-6.9B,RWKV-Raven-7B,alpaca,2048,20,B_to_A@24,B_to_A,24,1.5158138623631285,0.03069586653367797,4.5531252365881025,b_to_a_longctx_alpaca.json
B_to_A,B_to_A,Tulu-Pythia-6.9B,RWKV-Raven-7B,alpaca,2048,20,B_to_A_affine@24,B_to_A_affine,24,1.4675068410361867,0.031133758447278996,4.338405312337058,b_to_a_longctx_alpaca.json
A_parent,A_to_B,RWKV-Raven-7B,Tulu-Pythia-6.9B,wikitext,512,48,pure-RWKV,pure-RWKV,,2.4275387280607874,0.05338187327839292,11.330959159323779,a_to_b_longctx_wikitext.json
B_parent,A_to_B,RWKV-Raven-7B,Tulu-Pythia-6.9B,wikitext,512,48,pure-Pythia,pure-Pythia,,2.786288764689844,0.05229089707280696,16.22070908906096,a_to_b_longctx_wikitext.json
A_to_B,A_to_B,RWKV-Raven-7B,Tulu-Pythia-6.9B,wikitext,512,48,A_to_B@4,A_to_B,4,4.541926016312989,0.04158542837171328,93.87142401533012,a_to_b_longctx_wikitext.json
A_to_B,A_to_B,RWKV-Raven-7B,Tulu-Pythia-6.9B,wikitext,512,48,A_to_B_affine@4,A_to_B_affine,4,4.546271128197239,0.12370003038018432,94.28019328638939,a_to_b_longctx_wikitext.json
B_to_A,B_to_A,Tulu-Pythia-6.9B,RWKV-Raven-7B,wikitext,512,48,B_to_A@4,B_to_A,4,3.806724603084358,0.036982616072669935,45.00279518593995,b_to_a_longctx_wikitext.json
B_to_A,B_to_A,Tulu-Pythia-6.9B,RWKV-Raven-7B,wikitext,512,48,B_to_A_affine@4,B_to_A_affine,4,3.0788293578464536,0.04359896380754669,21.73294599623283,b_to_a_longctx_wikitext.json
A_to_B,A_to_B,RWKV-Raven-7B,Tulu-Pythia-6.9B,wikitext,512,48,A_to_B@8,A_to_B,8,4.742209248502349,0.03923360539221893,114.68729473862736,a_to_b_longctx_wikitext.json
A_to_B,A_to_B,RWKV-Raven-7B,Tulu-Pythia-6.9B,wikitext,512,48,A_to_B_affine@8,A_to_B_affine,8,5.652212288514975,0.1983692018090497,284.9210967745328,a_to_b_longctx_wikitext.json
B_to_A,B_to_A,Tulu-Pythia-6.9B,RWKV-Raven-7B,wikitext,512,48,B_to_A@8,B_to_A,8,3.813016728490144,0.04860325164230452,45.28685113752837,b_to_a_longctx_wikitext.json
B_to_A,B_to_A,Tulu-Pythia-6.9B,RWKV-Raven-7B,wikitext,512,48,B_to_A_affine@8,B_to_A_affine,8,3.0953322757091386,0.041334382760116285,22.094578809823147,b_to_a_longctx_wikitext.json
A_to_B,A_to_B,RWKV-Raven-7B,Tulu-Pythia-6.9B,wikitext,512,48,A_to_B@16,A_to_B,16,5.390381138074344,0.043087434598358745,219.286948233662,a_to_b_longctx_wikitext.json
A_to_B,A_to_B,RWKV-Raven-7B,Tulu-Pythia-6.9B,wikitext,512,48,A_to_B_affine@16,A_to_B_affine,16,6.455769956306313,0.13139079943391807,636.3635097700703,a_to_b_longctx_wikitext.json
B_to_A,B_to_A,Tulu-Pythia-6.9B,RWKV-Raven-7B,wikitext,512,48,B_to_A@16,B_to_A,16,4.118363521648091,0.04087860000175463,61.4585842818716,b_to_a_longctx_wikitext.json
B_to_A,B_to_A,Tulu-Pythia-6.9B,RWKV-Raven-7B,wikitext,512,48,B_to_A_affine@16,B_to_A_affine,16,3.215631638021152,0.04509490374131925,24.919026746025118,b_to_a_longctx_wikitext.json
A_to_B,A_to_B,RWKV-Raven-7B,Tulu-Pythia-6.9B,wikitext,512,48,A_to_B@24,A_to_B,24,5.3000714326324765,0.04265344677258298,200.3511210716437,a_to_b_longctx_wikitext.json
A_to_B,A_to_B,RWKV-Raven-7B,Tulu-Pythia-6.9B,wikitext,512,48,A_to_B_affine@24,A_to_B_affine,24,5.309358585604016,0.13624891519295956,202.22047965443002,a_to_b_longctx_wikitext.json
B_to_A,B_to_A,Tulu-Pythia-6.9B,RWKV-Raven-7B,wikitext,512,48,B_to_A@24,B_to_A,24,4.506264006632725,0.03386231738666699,90.58276893747279,b_to_a_longctx_wikitext.json
B_to_A,B_to_A,Tulu-Pythia-6.9B,RWKV-Raven-7B,wikitext,512,48,B_to_A_affine@24,B_to_A_affine,24,3.6284711107426975,0.0846863299476255,37.655201951437746,b_to_a_longctx_wikitext.json
A_parent,A_to_B,RWKV-Raven-7B,Tulu-Pythia-6.9B,wikitext,1024,32,pure-RWKV,pure-RWKV,,2.263586346355002,0.05768537136805515,9.617519145679108,a_to_b_longctx_wikitext.json
B_parent,A_to_B,RWKV-Raven-7B,Tulu-Pythia-6.9B,wikitext,1024,32,pure-Pythia,pure-Pythia,,2.5685903152063094,0.05591915501848496,13.047418723081433,a_to_b_longctx_wikitext.json
A_to_B,A_to_B,RWKV-Raven-7B,Tulu-Pythia-6.9B,wikitext,1024,32,A_to_B@4,A_to_B,4,4.422579216234611,0.04261001705255629,83.31088527740725,a_to_b_longctx_wikitext.json
A_to_B,A_to_B,RWKV-Raven-7B,Tulu-Pythia-6.9B,wikitext,1024,32,A_to_B_affine@4,A_to_B_affine,4,4.502692773544894,0.13738816079254437,90.25985370184,a_to_b_longctx_wikitext.json
B_to_A,B_to_A,Tulu-Pythia-6.9B,RWKV-Raven-7B,wikitext,1024,32,B_to_A@4,B_to_A,4,3.6585683216680414,0.039941501383349995,38.805745736895574,b_to_a_longctx_wikitext.json
B_to_A,B_to_A,Tulu-Pythia-6.9B,RWKV-Raven-7B,wikitext,1024,32,B_to_A_affine@4,B_to_A_affine,4,2.9042988793008604,0.04727013171776127,18.252442000085843,b_to_a_longctx_wikitext.json
A_to_B,A_to_B,RWKV-Raven-7B,Tulu-Pythia-6.9B,wikitext,1024,32,A_to_B@8,A_to_B,8,4.689338087452938,0.04392420195580179,108.78115236247835,a_to_b_longctx_wikitext.json
A_to_B,A_to_B,RWKV-Raven-7B,Tulu-Pythia-6.9B,wikitext,1024,32,A_to_B_affine@8,A_to_B_affine,8,5.9091155573303284,0.20872617878258445,368.38020011857407,a_to_b_longctx_wikitext.json
B_to_A,B_to_A,Tulu-Pythia-6.9B,RWKV-Raven-7B,wikitext,1024,32,B_to_A@8,B_to_A,8,3.67844265577031,0.05022821903366938,39.58469904220462,b_to_a_longctx_wikitext.json
B_to_A,B_to_A,Tulu-Pythia-6.9B,RWKV-Raven-7B,wikitext,1024,32,B_to_A_affine@8,B_to_A_affine,8,2.928807106651985,0.04533854847287341,18.705303750190602,b_to_a_longctx_wikitext.json
A_to_B,A_to_B,RWKV-Raven-7B,Tulu-Pythia-6.9B,wikitext,1024,32,A_to_B@16,A_to_B,16,5.4647760102243135,0.0702854173816565,236.22293765977983,a_to_b_longctx_wikitext.json
A_to_B,A_to_B,RWKV-Raven-7B,Tulu-Pythia-6.9B,wikitext,1024,32,A_to_B_affine@16,A_to_B_affine,16,6.85154966501663,0.13423158782731812,945.3447398250812,a_to_b_longctx_wikitext.json
B_to_A,B_to_A,Tulu-Pythia-6.9B,RWKV-Raven-7B,wikitext,1024,32,B_to_A@16,B_to_A,16,4.031178385864139,0.03829589470014676,56.327247386753456,b_to_a_longctx_wikitext.json
B_to_A,B_to_A,Tulu-Pythia-6.9B,RWKV-Raven-7B,wikitext,1024,32,B_to_A_affine@16,B_to_A_affine,16,3.0662446082628834,0.05057880194364254,21.461156104094698,b_to_a_longctx_wikitext.json
A_to_B,A_to_B,RWKV-Raven-7B,Tulu-Pythia-6.9B,wikitext,1024,32,A_to_B@24,A_to_B,24,5.271173561073818,0.04727501816278623,194.64425538269856,a_to_b_longctx_wikitext.json
A_to_B,A_to_B,RWKV-Raven-7B,Tulu-Pythia-6.9B,wikitext,1024,32,A_to_B_affine@24,A_to_B_affine,24,5.310628557251812,0.1631476425950679,202.4774570726741,a_to_b_longctx_wikitext.json
B_to_A,B_to_A,Tulu-Pythia-6.9B,RWKV-Raven-7B,wikitext,1024,32,B_to_A@24,B_to_A,24,4.443447038458473,0.03822490976214446,85.0676683883639,b_to_a_longctx_wikitext.json
B_to_A,B_to_A,Tulu-Pythia-6.9B,RWKV-Raven-7B,wikitext,1024,32,B_to_A_affine@24,B_to_A_affine,24,3.4752646266307066,0.0890558032363397,32.306376533119334,b_to_a_longctx_wikitext.json
A_parent,A_to_B,RWKV-Raven-7B,Tulu-Pythia-6.9B,wikitext,2048,20,pure-RWKV,pure-RWKV,,2.112427589703491,0.07110371637235692,8.268288954153798,a_to_b_longctx_wikitext.json
B_parent,A_to_B,RWKV-Raven-7B,Tulu-Pythia-6.9B,wikitext,2048,20,pure-Pythia,pure-Pythia,,2.3731857635244604,0.06631226463512134,10.731525988342737,a_to_b_longctx_wikitext.json
A_to_B,A_to_B,RWKV-Raven-7B,Tulu-Pythia-6.9B,wikitext,2048,20,A_to_B@4,A_to_B,4,4.423690043022182,0.04175548404871507,83.40348065966373,a_to_b_longctx_wikitext.json
A_to_B,A_to_B,RWKV-Raven-7B,Tulu-Pythia-6.9B,wikitext,2048,20,A_to_B_affine@4,A_to_B_affine,4,4.492898739962445,0.17169328363467193,89.38016056748339,a_to_b_longctx_wikitext.json
B_to_A,B_to_A,Tulu-Pythia-6.9B,RWKV-Raven-7B,wikitext,2048,20,B_to_A@4,B_to_A,4,3.5489334441885227,0.053619706370283994,34.77620693527434,b_to_a_longctx_wikitext.json
B_to_A,B_to_A,Tulu-Pythia-6.9B,RWKV-Raven-7B,wikitext,2048,20,B_to_A_affine@4,B_to_A_affine,4,2.7564205957961536,0.06420396932534678,15.743390018192414,b_to_a_longctx_wikitext.json
A_to_B,A_to_B,RWKV-Raven-7B,Tulu-Pythia-6.9B,wikitext,2048,20,A_to_B@8,A_to_B,8,4.721946781160311,0.04791413097994961,112.38683240330943,a_to_b_longctx_wikitext.json
A_to_B,A_to_B,RWKV-Raven-7B,Tulu-Pythia-6.9B,wikitext,2048,20,A_to_B_affine@8,A_to_B_affine,8,6.27880078172707,0.2013186023495361,533.1489183799025,a_to_b_longctx_wikitext.json
B_to_A,B_to_A,Tulu-Pythia-6.9B,RWKV-Raven-7B,wikitext,2048,20,B_to_A@8,B_to_A,8,3.605495704460796,0.05569297222511115,36.79992122180583,b_to_a_longctx_wikitext.json
B_to_A,B_to_A,Tulu-Pythia-6.9B,RWKV-Raven-7B,wikitext,2048,20,B_to_A_affine@8,B_to_A_affine,8,2.801844302327911,0.06011338516867194,16.475003656451037,b_to_a_longctx_wikitext.json
A_to_B,A_to_B,RWKV-Raven-7B,Tulu-Pythia-6.9B,wikitext,2048,20,A_to_B@16,A_to_B,16,5.530191864475833,0.064702797906658,252.1922931240906,a_to_b_longctx_wikitext.json
A_to_B,A_to_B,RWKV-Raven-7B,Tulu-Pythia-6.9B,wikitext,2048,20,A_to_B_affine@16,A_to_B_affine,16,7.204980832515953,0.11271345817740919,1346.1188870810963,a_to_b_longctx_wikitext.json
B_to_A,B_to_A,Tulu-Pythia-6.9B,RWKV-Raven-7B,wikitext,2048,20,B_to_A@16,B_to_A,16,3.998084644043684,0.036652485638579715,54.49367522643567,b_to_a_longctx_wikitext.json
B_to_A,B_to_A,Tulu-Pythia-6.9B,RWKV-Raven-7B,wikitext,2048,20,B_to_A_affine@16,B_to_A_affine,16,2.9085804069455685,0.06653570458071047,18.330757871239214,b_to_a_longctx_wikitext.json
A_to_B,A_to_B,RWKV-Raven-7B,Tulu-Pythia-6.9B,wikitext,2048,20,A_to_B@24,A_to_B,24,5.29466748333117,0.04344352065013671,199.2713539021056,a_to_b_longctx_wikitext.json
A_to_B,A_to_B,RWKV-Raven-7B,Tulu-Pythia-6.9B,wikitext,2048,20,A_to_B_affine@24,A_to_B_affine,24,5.320069513288311,0.21825267571890317,204.3980898824959,a_to_b_longctx_wikitext.json
B_to_A,B_to_A,Tulu-Pythia-6.9B,RWKV-Raven-7B,wikitext,2048,20,B_to_A@24,B_to_A,24,4.420122715549814,0.03586522547168579,83.10648319039252,b_to_a_longctx_wikitext.json
B_to_A,B_to_A,Tulu-Pythia-6.9B,RWKV-Raven-7B,wikitext,2048,20,B_to_A_affine@24,B_to_A_affine,24,3.274485336773327,0.10737581957836677,26.429619626330066,b_to_a_longctx_wikitext.json
