task,switch_layer,execution_path,model_name,prefix_family,suffix_family,prefix_model,suffix_model,path_role,accuracy_sum,accuracy_norm,n_items,chance,source_file
arc_easy,4,A_to_A,NinaXander-AA@4,A,A,RWKV-Raven-7B,RWKV-Raven-7B,same_family_control,0.6384680134680135,0.6283670033670034,2376,0.25,b_to_a_qa_items_arc.json
arc_easy,4,A_to_B,NinaXander-AB@4,A,B,RWKV-Raven-7B,Tulu-Pythia-6.9B,cross_family_chimera,0.6064814814814815,0.5959595959595959,2376,0.25,a_to_b_qa_items_arc.json
arc_easy,4,B_to_B,NinaXander-BB@4,B,B,Tulu-Pythia-6.9B,Tulu-Pythia-6.9B,same_family_control,0.6405723905723906,0.6216329966329966,2376,0.25,a_to_b_qa_items_arc.json
arc_easy,4,B_to_A,NinaXander-BA@4,B,A,Tulu-Pythia-6.9B,RWKV-Raven-7B,cross_family_chimera,0.6292087542087542,0.6220538720538721,2376,0.25,b_to_a_qa_items_arc.json
arc_easy,8,A_to_A,NinaXander-AA@8,A,A,RWKV-Raven-7B,RWKV-Raven-7B,same_family_control,0.6414141414141414,0.5984848484848485,2376,0.25,b_to_a_qa_items_arc.json
arc_easy,8,A_to_B,NinaXander-AB@8,A,B,RWKV-Raven-7B,Tulu-Pythia-6.9B,cross_family_chimera,0.6191077441077442,0.5896464646464646,2376,0.25,a_to_b_qa_items_arc.json
arc_easy,8,B_to_B,NinaXander-BB@8,B,B,Tulu-Pythia-6.9B,Tulu-Pythia-6.9B,same_family_control,0.6540404040404041,0.6266835016835017,2376,0.25,a_to_b_qa_items_arc.json
arc_easy,8,B_to_A,NinaXander-BA@8,B,A,Tulu-Pythia-6.9B,RWKV-Raven-7B,cross_family_chimera,0.6035353535353535,0.5728114478114478,2376,0.25,b_to_a_qa_items_arc.json
arc_easy,16,A_to_A,NinaXander-AA@16,A,A,RWKV-Raven-7B,RWKV-Raven-7B,same_family_control,0.5963804713804713,0.5475589225589226,2376,0.25,b_to_a_qa_items_arc.json
arc_easy,16,A_to_B,NinaXander-AB@16,A,B,RWKV-Raven-7B,Tulu-Pythia-6.9B,cross_family_chimera,0.5168350168350169,0.4861111111111111,2376,0.25,a_to_b_qa_items_arc.json
arc_easy,16,B_to_B,NinaXander-BB@16,B,B,Tulu-Pythia-6.9B,Tulu-Pythia-6.9B,same_family_control,0.5980639730639731,0.5736531986531986,2376,0.25,a_to_b_qa_items_arc.json
arc_easy,16,B_to_A,NinaXander-BA@16,B,A,Tulu-Pythia-6.9B,RWKV-Raven-7B,cross_family_chimera,0.6026936026936027,0.5749158249158249,2376,0.25,b_to_a_qa_items_arc.json
arc_easy,24,A_to_A,NinaXander-AA@24,A,A,RWKV-Raven-7B,RWKV-Raven-7B,same_family_control,0.5475589225589226,0.5218855218855218,2376,0.25,b_to_a_qa_items_arc.json
arc_easy,24,A_to_B,NinaXander-AB@24,A,B,RWKV-Raven-7B,Tulu-Pythia-6.9B,cross_family_chimera,0.48737373737373735,0.4696969696969697,2376,0.25,a_to_b_qa_items_arc.json
arc_easy,24,B_to_B,NinaXander-BB@24,B,B,Tulu-Pythia-6.9B,Tulu-Pythia-6.9B,same_family_control,0.601010101010101,0.5942760942760943,2376,0.25,a_to_b_qa_items_arc.json
arc_easy,24,B_to_A,NinaXander-BA@24,B,A,Tulu-Pythia-6.9B,RWKV-Raven-7B,cross_family_chimera,0.5829124579124579,0.5959595959595959,2376,0.25,b_to_a_qa_items_arc.json
sciq,4,A_to_A,NinaXander-AA@4,A,A,RWKV-Raven-7B,RWKV-Raven-7B,same_family_control,0.664,0.685,1000,0.25,b_to_a_qa_items_sciq.json
sciq,4,A_to_B,NinaXander-AB@4,A,B,RWKV-Raven-7B,Tulu-Pythia-6.9B,cross_family_chimera,0.688,0.709,1000,0.25,a_to_b_qa_items_sciq.json
sciq,4,B_to_B,NinaXander-BB@4,B,B,Tulu-Pythia-6.9B,Tulu-Pythia-6.9B,same_family_control,0.738,0.748,1000,0.25,a_to_b_qa_items_sciq.json
sciq,4,B_to_A,NinaXander-BA@4,B,A,Tulu-Pythia-6.9B,RWKV-Raven-7B,cross_family_chimera,0.658,0.692,1000,0.25,b_to_a_qa_items_sciq.json
sciq,8,A_to_A,NinaXander-AA@8,A,A,RWKV-Raven-7B,RWKV-Raven-7B,same_family_control,0.659,0.667,1000,0.25,b_to_a_qa_items_sciq.json
sciq,8,A_to_B,NinaXander-AB@8,A,B,RWKV-Raven-7B,Tulu-Pythia-6.9B,cross_family_chimera,0.672,0.677,1000,0.25,a_to_b_qa_items_sciq.json
sciq,8,B_to_B,NinaXander-BB@8,B,B,Tulu-Pythia-6.9B,Tulu-Pythia-6.9B,same_family_control,0.748,0.748,1000,0.25,a_to_b_qa_items_sciq.json
sciq,8,B_to_A,NinaXander-BA@8,B,A,Tulu-Pythia-6.9B,RWKV-Raven-7B,cross_family_chimera,0.617,0.646,1000,0.25,b_to_a_qa_items_sciq.json
sciq,16,A_to_A,NinaXander-AA@16,A,A,RWKV-Raven-7B,RWKV-Raven-7B,same_family_control,0.613,0.598,1000,0.25,b_to_a_qa_items_sciq.json
sciq,16,A_to_B,NinaXander-AB@16,A,B,RWKV-Raven-7B,Tulu-Pythia-6.9B,cross_family_chimera,0.488,0.545,1000,0.25,a_to_b_qa_items_sciq.json
sciq,16,B_to_B,NinaXander-BB@16,B,B,Tulu-Pythia-6.9B,Tulu-Pythia-6.9B,same_family_control,0.673,0.711,1000,0.25,a_to_b_qa_items_sciq.json
sciq,16,B_to_A,NinaXander-BA@16,B,A,Tulu-Pythia-6.9B,RWKV-Raven-7B,cross_family_chimera,0.666,0.68,1000,0.25,b_to_a_qa_items_sciq.json
sciq,24,A_to_A,NinaXander-AA@24,A,A,RWKV-Raven-7B,RWKV-Raven-7B,same_family_control,0.567,0.579,1000,0.25,b_to_a_qa_items_sciq.json
sciq,24,A_to_B,NinaXander-AB@24,A,B,RWKV-Raven-7B,Tulu-Pythia-6.9B,cross_family_chimera,0.454,0.511,1000,0.25,a_to_b_qa_items_sciq.json
sciq,24,B_to_B,NinaXander-BB@24,B,B,Tulu-Pythia-6.9B,Tulu-Pythia-6.9B,same_family_control,0.655,0.701,1000,0.25,a_to_b_qa_items_sciq.json
sciq,24,B_to_A,NinaXander-BA@24,B,A,Tulu-Pythia-6.9B,RWKV-Raven-7B,cross_family_chimera,0.618,0.699,1000,0.25,b_to_a_qa_items_sciq.json
