direction,source_model,target_model,task,config,config_type,switch_layer,accuracy_sum,accuracy_norm,n_items,chance,source_file
A_to_B,RWKV-Raven-7B,Tulu-Pythia-6.9B,arc_easy,pythia,pythia,,0.6822390572390572,0.6531986531986532,2376,0.25,a_to_b_qa_items_arc.json
A_to_B,RWKV-Raven-7B,Tulu-Pythia-6.9B,arc_easy,rwkv,rwkv,,0.6755050505050505,0.6178451178451179,2376,0.25,a_to_b_qa_items_arc.json
A_to_B,RWKV-Raven-7B,Tulu-Pythia-6.9B,arc_easy,A_to_B@4,A_to_B,4,0.6064814814814815,0.5959595959595959,2376,0.25,a_to_b_qa_items_arc.json
A_to_B,RWKV-Raven-7B,Tulu-Pythia-6.9B,arc_easy,A_to_B@8,A_to_B,8,0.6191077441077442,0.5896464646464646,2376,0.25,a_to_b_qa_items_arc.json
A_to_B,RWKV-Raven-7B,Tulu-Pythia-6.9B,arc_easy,A_to_B@16,A_to_B,16,0.5168350168350169,0.4861111111111111,2376,0.25,a_to_b_qa_items_arc.json
A_to_B,RWKV-Raven-7B,Tulu-Pythia-6.9B,arc_easy,A_to_B@24,A_to_B,24,0.48737373737373735,0.4696969696969697,2376,0.25,a_to_b_qa_items_arc.json
A_to_B,RWKV-Raven-7B,Tulu-Pythia-6.9B,arc_easy,A_to_B_alpha0@4,A_to_B_alpha0,4,,0.31902356902356904,2376,0.25,a_to_b_qa_items_arc.json
A_to_B,RWKV-Raven-7B,Tulu-Pythia-6.9B,arc_easy,A_to_B_alpha0@8,A_to_B_alpha0,8,,0.29924242424242425,2376,0.25,a_to_b_qa_items_arc.json
A_to_B,RWKV-Raven-7B,Tulu-Pythia-6.9B,arc_easy,A_to_B_alpha0@16,A_to_B_alpha0,16,,0.28535353535353536,2376,0.25,a_to_b_qa_items_arc.json
A_to_B,RWKV-Raven-7B,Tulu-Pythia-6.9B,arc_easy,A_to_B_alpha0@24,A_to_B_alpha0,24,,0.3480639730639731,2376,0.25,a_to_b_qa_items_arc.json
A_to_B,RWKV-Raven-7B,Tulu-Pythia-6.9B,arc_easy,A_to_B_affine@4,A_to_B_affine,4,0.4377104377104377,0.4187710437710438,2376,0.25,a_to_b_qa_items_arc.json
A_to_B,RWKV-Raven-7B,Tulu-Pythia-6.9B,arc_easy,A_to_B_affine@8,A_to_B_affine,8,0.4292929292929293,0.4305555555555556,2376,0.25,a_to_b_qa_items_arc.json
A_to_B,RWKV-Raven-7B,Tulu-Pythia-6.9B,arc_easy,A_to_B_affine@16,A_to_B_affine,16,0.35185185185185186,0.3484848484848485,2376,0.25,a_to_b_qa_items_arc.json
A_to_B,RWKV-Raven-7B,Tulu-Pythia-6.9B,arc_easy,A_to_B_affine@24,A_to_B_affine,24,0.4006734006734007,0.3939393939393939,2376,0.25,a_to_b_qa_items_arc.json
A_to_B,RWKV-Raven-7B,Tulu-Pythia-6.9B,arc_easy,B_to_B@4,B_to_B,4,0.6405723905723906,0.6216329966329966,2376,0.25,a_to_b_qa_items_arc.json
A_to_B,RWKV-Raven-7B,Tulu-Pythia-6.9B,arc_easy,B_to_B@8,B_to_B,8,0.6540404040404041,0.6266835016835017,2376,0.25,a_to_b_qa_items_arc.json
A_to_B,RWKV-Raven-7B,Tulu-Pythia-6.9B,arc_easy,B_to_B@16,B_to_B,16,0.5980639730639731,0.5736531986531986,2376,0.25,a_to_b_qa_items_arc.json
A_to_B,RWKV-Raven-7B,Tulu-Pythia-6.9B,arc_easy,B_to_B@24,B_to_B,24,0.601010101010101,0.5942760942760943,2376,0.25,a_to_b_qa_items_arc.json
