direction,source_model,target_model,domain,context_tokens,windows,config,config_type,switch_layer,cross_entropy,standard_error,perplexity,source_file
A_to_B,RWKV-Raven-7B,Tulu-Pythia-6.9B,wikitext,512,48,pure-Pythia,pure-Pythia,,2.786288764689844,0.05229089707280696,16.22070908906096,a_to_b_longctx_wikitext.json
A_to_B,RWKV-Raven-7B,Tulu-Pythia-6.9B,wikitext,512,48,pure-RWKV,pure-RWKV,,2.4275387280607874,0.05338187327839292,11.330959159323779,a_to_b_longctx_wikitext.json
A_to_B,RWKV-Raven-7B,Tulu-Pythia-6.9B,wikitext,512,48,A_to_B@4,A_to_B,4,4.541926016312989,0.04158542837171328,93.87142401533012,a_to_b_longctx_wikitext.json
A_to_B,RWKV-Raven-7B,Tulu-Pythia-6.9B,wikitext,512,48,A_to_B@8,A_to_B,8,4.742209248502349,0.03923360539221893,114.68729473862736,a_to_b_longctx_wikitext.json
A_to_B,RWKV-Raven-7B,Tulu-Pythia-6.9B,wikitext,512,48,A_to_B@16,A_to_B,16,5.390381138074344,0.043087434598358745,219.286948233662,a_to_b_longctx_wikitext.json
A_to_B,RWKV-Raven-7B,Tulu-Pythia-6.9B,wikitext,512,48,A_to_B@24,A_to_B,24,5.3000714326324765,0.04265344677258298,200.3511210716437,a_to_b_longctx_wikitext.json
A_to_B,RWKV-Raven-7B,Tulu-Pythia-6.9B,wikitext,512,48,A_to_B_affine@4,A_to_B_affine,4,4.546271128197239,0.12370003038018432,94.28019328638939,a_to_b_longctx_wikitext.json
A_to_B,RWKV-Raven-7B,Tulu-Pythia-6.9B,wikitext,512,48,A_to_B_affine@8,A_to_B_affine,8,5.652212288514975,0.1983692018090497,284.9210967745328,a_to_b_longctx_wikitext.json
A_to_B,RWKV-Raven-7B,Tulu-Pythia-6.9B,wikitext,512,48,A_to_B_affine@16,A_to_B_affine,16,6.455769956306313,0.13139079943391807,636.3635097700703,a_to_b_longctx_wikitext.json
A_to_B,RWKV-Raven-7B,Tulu-Pythia-6.9B,wikitext,512,48,A_to_B_affine@24,A_to_B_affine,24,5.309358585604016,0.13624891519295956,202.22047965443002,a_to_b_longctx_wikitext.json
A_to_B,RWKV-Raven-7B,Tulu-Pythia-6.9B,wikitext,1024,32,pure-Pythia,pure-Pythia,,2.5685903152063094,0.05591915501848496,13.047418723081433,a_to_b_longctx_wikitext.json
A_to_B,RWKV-Raven-7B,Tulu-Pythia-6.9B,wikitext,1024,32,pure-RWKV,pure-RWKV,,2.263586346355002,0.05768537136805515,9.617519145679108,a_to_b_longctx_wikitext.json
A_to_B,RWKV-Raven-7B,Tulu-Pythia-6.9B,wikitext,1024,32,A_to_B@4,A_to_B,4,4.422579216234611,0.04261001705255629,83.31088527740725,a_to_b_longctx_wikitext.json
A_to_B,RWKV-Raven-7B,Tulu-Pythia-6.9B,wikitext,1024,32,A_to_B@8,A_to_B,8,4.689338087452938,0.04392420195580179,108.78115236247835,a_to_b_longctx_wikitext.json
A_to_B,RWKV-Raven-7B,Tulu-Pythia-6.9B,wikitext,1024,32,A_to_B@16,A_to_B,16,5.4647760102243135,0.0702854173816565,236.22293765977983,a_to_b_longctx_wikitext.json
A_to_B,RWKV-Raven-7B,Tulu-Pythia-6.9B,wikitext,1024,32,A_to_B@24,A_to_B,24,5.271173561073818,0.04727501816278623,194.64425538269856,a_to_b_longctx_wikitext.json
A_to_B,RWKV-Raven-7B,Tulu-Pythia-6.9B,wikitext,1024,32,A_to_B_affine@4,A_to_B_affine,4,4.502692773544894,0.13738816079254437,90.25985370184,a_to_b_longctx_wikitext.json
A_to_B,RWKV-Raven-7B,Tulu-Pythia-6.9B,wikitext,1024,32,A_to_B_affine@8,A_to_B_affine,8,5.9091155573303284,0.20872617878258445,368.38020011857407,a_to_b_longctx_wikitext.json
A_to_B,RWKV-Raven-7B,Tulu-Pythia-6.9B,wikitext,1024,32,A_to_B_affine@16,A_to_B_affine,16,6.85154966501663,0.13423158782731812,945.3447398250812,a_to_b_longctx_wikitext.json
A_to_B,RWKV-Raven-7B,Tulu-Pythia-6.9B,wikitext,1024,32,A_to_B_affine@24,A_to_B_affine,24,5.310628557251812,0.1631476425950679,202.4774570726741,a_to_b_longctx_wikitext.json
A_to_B,RWKV-Raven-7B,Tulu-Pythia-6.9B,wikitext,2048,20,pure-Pythia,pure-Pythia,,2.3731857635244604,0.06631226463512134,10.731525988342737,a_to_b_longctx_wikitext.json
A_to_B,RWKV-Raven-7B,Tulu-Pythia-6.9B,wikitext,2048,20,pure-RWKV,pure-RWKV,,2.112427589703491,0.07110371637235692,8.268288954153798,a_to_b_longctx_wikitext.json
A_to_B,RWKV-Raven-7B,Tulu-Pythia-6.9B,wikitext,2048,20,A_to_B@4,A_to_B,4,4.423690043022182,0.04175548404871507,83.40348065966373,a_to_b_longctx_wikitext.json
A_to_B,RWKV-Raven-7B,Tulu-Pythia-6.9B,wikitext,2048,20,A_to_B@8,A_to_B,8,4.721946781160311,0.04791413097994961,112.38683240330943,a_to_b_longctx_wikitext.json
A_to_B,RWKV-Raven-7B,Tulu-Pythia-6.9B,wikitext,2048,20,A_to_B@16,A_to_B,16,5.530191864475833,0.064702797906658,252.1922931240906,a_to_b_longctx_wikitext.json
A_to_B,RWKV-Raven-7B,Tulu-Pythia-6.9B,wikitext,2048,20,A_to_B@24,A_to_B,24,5.29466748333117,0.04344352065013671,199.2713539021056,a_to_b_longctx_wikitext.json
A_to_B,RWKV-Raven-7B,Tulu-Pythia-6.9B,wikitext,2048,20,A_to_B_affine@4,A_to_B_affine,4,4.492898739962445,0.17169328363467193,89.38016056748339,a_to_b_longctx_wikitext.json
A_to_B,RWKV-Raven-7B,Tulu-Pythia-6.9B,wikitext,2048,20,A_to_B_affine@8,A_to_B_affine,8,6.27880078172707,0.2013186023495361,533.1489183799025,a_to_b_longctx_wikitext.json
A_to_B,RWKV-Raven-7B,Tulu-Pythia-6.9B,wikitext,2048,20,A_to_B_affine@16,A_to_B_affine,16,7.204980832515953,0.11271345817740919,1346.1188870810963,a_to_b_longctx_wikitext.json
A_to_B,RWKV-Raven-7B,Tulu-Pythia-6.9B,wikitext,2048,20,A_to_B_affine@24,A_to_B_affine,24,5.320069513288311,0.21825267571890317,204.3980898824959,a_to_b_longctx_wikitext.json
