direction,task,comparison,config_a,config_b,n_items,accuracy_a,accuracy_b,accuracy_difference,bootstrap_ci_low,bootstrap_ci_high,mcnemar_b,mcnemar_c,mcnemar_p,significant_0_05
B_to_A,arc_easy,chimera vs Pythia @4,B_to_A@4,pythia,2376,0.6220538720538721,0.6531986531986532,-0.031144781144781142,-0.05176767676767677,-0.011363636363636364,266,340,0.0029914330070481133,True
B_to_A,arc_easy,chimera vs RWKV @4,B_to_A@4,rwkv,2376,0.6220538720538721,0.6178451178451179,0.004208754208754217,-0.012205387205387205,0.020622895622895623,210,200,0.6567494345379852,False
B_to_A,arc_easy,chimera vs Pythia @8,B_to_A@8,pythia,2376,0.5728114478114478,0.6531986531986532,-0.08038720538720545,-0.10185185185185185,-0.058922558922558925,244,435,2.1425522776502478e-13,True
B_to_A,arc_easy,chimera vs RWKV @8,B_to_A@8,rwkv,2376,0.5728114478114478,0.6178451178451179,-0.04503367003367009,-0.06186868686868687,-0.0281986531986532,154,261,1.683734528254768e-07,True
B_to_A,arc_easy,chimera vs Pythia @16,B_to_A@16,pythia,2376,0.5749158249158249,0.6531986531986532,-0.07828282828282829,-0.09806397306397306,-0.0585016835016835,206,392,2.4094182023927183e-14,True
B_to_A,arc_easy,chimera vs RWKV @16,B_to_A@16,rwkv,2376,0.5749158249158249,0.6178451178451179,-0.04292929292929293,-0.06018518518518518,-0.025673400673400674,171,273,1.4838599578497394e-06,True
B_to_A,arc_easy,chimera vs Pythia @24,B_to_A@24,pythia,2376,0.5959595959595959,0.6531986531986532,-0.05723905723905731,-0.07786195286195287,-0.03787878787878788,230,366,2.806145494021105e-08,True
B_to_A,arc_easy,chimera vs RWKV @24,B_to_A@24,rwkv,2376,0.5959595959595959,0.6178451178451179,-0.021885521885521952,-0.04292929292929293,-0.0008417508417508417,293,345,0.04339145190804477,True
B_to_A,arc_easy,adapter vs affine @4,B_to_A@4,B_to_A_affine@4,2376,0.6220538720538721,0.6022727272727273,0.019781144781144788,0.006313131313131313,0.03324915824915825,161,114,0.005442800476960582,True
B_to_A,arc_easy,MLP-branch @4,B_to_A@4,B_to_A_alpha0@4,2376,0.6220538720538721,0.31776094276094274,0.30429292929292934,0.27904040404040403,0.32996632996632996,955,232,1.740622249459316e-104,True
B_to_A,arc_easy,adapter vs affine @8,B_to_A@8,B_to_A_affine@8,2376,0.5728114478114478,0.5601851851851852,0.012626262626262541,-0.002946127946127946,0.027777777777777776,188,158,0.11885751411119069,False
B_to_A,arc_easy,MLP-branch @8,B_to_A@8,B_to_A_alpha0@8,2376,0.5728114478114478,0.3552188552188552,0.21759259259259256,0.19318181818181818,0.242003367003367,763,246,3.8539155981859245e-62,True
B_to_A,arc_easy,adapter vs affine @16,B_to_A@16,B_to_A_affine@16,2376,0.5749158249158249,0.5749158249158249,0.0,-0.015151515151515152,0.014730639730639731,167,167,1.0,False
B_to_A,arc_easy,MLP-branch @16,B_to_A@16,B_to_A_alpha0@16,2376,0.5749158249158249,0.43686868686868685,0.13804713804713808,0.11363636363636363,0.16245791245791247,621,293,7.735808151473828e-28,True
B_to_A,arc_easy,adapter vs affine @24,B_to_A@24,B_to_A_affine@24,2376,0.5959595959595959,0.5917508417508418,0.004208754208754106,-0.012626262626262626,0.021043771043771045,218,208,0.6628497510891164,False
B_to_A,arc_easy,MLP-branch @24,B_to_A@24,B_to_A_alpha0@24,2376,0.5959595959595959,0.48358585858585856,0.11237373737373735,0.0888047138047138,0.13552188552188552,558,291,3.39693463700388e-20,True
B_to_A,arc_easy,decoder loss @4,rwkv,A_to_A@4,2376,0.6178451178451179,0.6283670033670034,-0.010521885521885488,-0.025252525252525252,0.004629629629629629,150,175,0.18301029176101677,False
B_to_A,arc_easy,decoder loss @8,rwkv,A_to_A@8,2376,0.6178451178451179,0.5984848484848485,0.019360269360269355,0.005892255892255892,0.03282828282828283,160,114,0.006451928990871502,True
B_to_A,arc_easy,decoder loss @16,rwkv,A_to_A@16,2376,0.6178451178451179,0.5475589225589226,0.07028619528619529,0.054292929292929296,0.0867003367003367,279,112,1.4865301014658304e-17,True
B_to_A,arc_easy,decoder loss @24,rwkv,A_to_A@24,2376,0.6178451178451179,0.5218855218855218,0.09595959595959602,0.0787037037037037,0.11363636363636363,346,118,4.927431963569129e-27,True
B_to_A,arc_easy,cross-family @4,A_to_A@4,B_to_A@4,2376,0.6283670033670034,0.6220538720538721,0.0063131313131312705,-0.006313131313131313,0.01893939393939394,125,110,0.3611354369008825,False
B_to_A,arc_easy,cross-family @8,A_to_A@8,B_to_A@8,2376,0.5984848484848485,0.5728114478114478,0.025673400673400737,0.012205387205387205,0.03956228956228956,170,109,0.0003120392602296047,True
B_to_A,arc_easy,cross-family @16,A_to_A@16,B_to_A@16,2376,0.5475589225589226,0.5749158249158249,-0.027356902356902357,-0.04292929292929293,-0.011363636363636364,148,213,0.0007339889464019883,True
B_to_A,arc_easy,cross-family @24,A_to_A@24,B_to_A@24,2376,0.5218855218855218,0.5959595959595959,-0.07407407407407407,-0.09301346801346802,-0.055134680134680134,175,351,1.3346878961900989e-14,True
B_to_A,sciq,chimera vs Pythia @4,B_to_A@4,pythia,1000,0.692,0.81,-0.1180000000000001,-0.148,-0.087,68,186,7.45550629907047e-14,True
B_to_A,sciq,chimera vs RWKV @4,B_to_A@4,rwkv,1000,0.692,0.67,0.02199999999999991,-0.005,0.05,110,88,0.135391297487326,False
B_to_A,sciq,chimera vs Pythia @8,B_to_A@8,pythia,1000,0.646,0.81,-0.16400000000000003,-0.195,-0.133,59,223,1.3365471036059473e-23,True
B_to_A,sciq,chimera vs RWKV @8,B_to_A@8,rwkv,1000,0.646,0.67,-0.02400000000000002,-0.05,0.002,75,99,0.08092659296355194,False
B_to_A,sciq,chimera vs Pythia @16,B_to_A@16,pythia,1000,0.68,0.81,-0.13,-0.159,-0.1,58,188,3.3997688027650085e-17,True
B_to_A,sciq,chimera vs RWKV @16,B_to_A@16,rwkv,1000,0.68,0.67,0.010000000000000009,-0.016,0.036,94,84,0.5000546060016261,False
B_to_A,sciq,chimera vs Pythia @24,B_to_A@24,pythia,1000,0.699,0.81,-0.1110000000000001,-0.14,-0.082,58,169,9.008786393134602e-14,True
B_to_A,sciq,chimera vs RWKV @24,B_to_A@24,rwkv,1000,0.699,0.67,0.028999999999999915,-0.003,0.061,144,115,0.08168839047504513,False
B_to_A,sciq,adapter vs affine @4,B_to_A@4,B_to_A_affine@4,1000,0.692,0.696,-0.0040000000000000036,-0.024,0.017,52,56,0.7729885295985467,False
B_to_A,sciq,MLP-branch @4,B_to_A@4,B_to_A_alpha0@4,1000,0.692,0.326,0.36599999999999994,0.327,0.405,453,87,1.1161712831989646e-60,True
B_to_A,sciq,adapter vs affine @8,B_to_A@8,B_to_A_affine@8,1000,0.646,0.68,-0.03400000000000003,-0.056,-0.012,44,78,0.002662017450107285,True
B_to_A,sciq,MLP-branch @8,B_to_A@8,B_to_A_alpha0@8,1000,0.646,0.37,0.276,0.237,0.316,376,100,1.1639308771509079e-38,True
B_to_A,sciq,adapter vs affine @16,B_to_A@16,B_to_A_affine@16,1000,0.68,0.696,-0.015999999999999903,-0.036,0.004,44,60,0.14095628821231335,False
B_to_A,sciq,MLP-branch @16,B_to_A@16,B_to_A_alpha0@16,1000,0.68,0.473,0.20700000000000007,0.17,0.245,305,98,8.017937828520449e-26,True
B_to_A,sciq,adapter vs affine @24,B_to_A@24,B_to_A_affine@24,1000,0.699,0.682,0.016999999999999904,-0.008,0.041,86,69,0.19858360530805133,False
B_to_A,sciq,MLP-branch @24,B_to_A@24,B_to_A_alpha0@24,1000,0.699,0.491,0.20799999999999996,0.172,0.243,288,80,1.105671374872906e-28,True
B_to_A,sciq,decoder loss @4,rwkv,A_to_A@4,1000,0.67,0.685,-0.015000000000000013,-0.038,0.008,62,77,0.23493150329061085,False
B_to_A,sciq,decoder loss @8,rwkv,A_to_A@8,1000,0.67,0.667,0.0030000000000000027,-0.017,0.023,53,50,0.8438976552528333,False
B_to_A,sciq,decoder loss @16,rwkv,A_to_A@16,1000,0.67,0.598,0.07200000000000006,0.051,0.094,98,26,5.023293083821127e-11,True
B_to_A,sciq,decoder loss @24,rwkv,A_to_A@24,1000,0.67,0.579,0.09100000000000008,0.067,0.114,122,31,5.761122611124968e-14,True
B_to_A,sciq,cross-family @4,A_to_A@4,B_to_A@4,1000,0.685,0.692,-0.006999999999999895,-0.027,0.013,48,55,0.5546010666648539,False
B_to_A,sciq,cross-family @8,A_to_A@8,B_to_A@8,1000,0.667,0.646,0.02100000000000002,0.0,0.042,67,46,0.05943072721456906,False
B_to_A,sciq,cross-family @16,A_to_A@16,B_to_A@16,1000,0.598,0.68,-0.08200000000000007,-0.107,-0.057,44,126,2.334495368478488e-10,True
B_to_A,sciq,cross-family @24,A_to_A@24,B_to_A@24,1000,0.579,0.699,-0.12,-0.15,-0.091,57,177,1.6935305825771066e-15,True
