direction,benchmark,phase,context_tokens,config,ms,peak_devA_MiB,peak_devB_MiB,source_file,tok_per_s,ms_per_token
B_to_A,unpruned,prefill,512,pure-Pythia,96.99401445686817,14623.171875,13139.9892578125,b_to_a_serving_bench.json,,
B_to_A,unpruned,prefill,512,pure-RWKV,6559.039378538728,14687.17578125,13085.9853515625,b_to_a_serving_bench.json,,
B_to_A,unpruned,prefill,512,B_to_A@4,6639.6748945117,14692.17578125,13143.9892578125,b_to_a_serving_bench.json,,
B_to_A,unpruned,prefill,512,B_to_A@8,6631.293946877122,14692.17578125,13143.9892578125,b_to_a_serving_bench.json,,
B_to_A,unpruned,prefill,512,B_to_A@16,6633.155716583133,14692.17578125,13143.9892578125,b_to_a_serving_bench.json,,
B_to_A,unpruned,prefill,512,B_to_A@24,6633.967388421297,14692.17578125,13143.9892578125,b_to_a_serving_bench.json,,
B_to_A,unpruned,prefill,2048,pure-Pythia,376.85259245336056,14624.171875,13298.3994140625,b_to_a_serving_bench.json,,
B_to_A,unpruned,prefill,2048,pure-RWKV,25998.651644214988,14880.1875,13085.9853515625,b_to_a_serving_bench.json,,
B_to_A,unpruned,prefill,2048,B_to_A@4,26439.20554406941,14896.1875,13314.3994140625,b_to_a_serving_bench.json,,
B_to_A,unpruned,prefill,2048,B_to_A@8,26434.88191254437,14896.1875,13314.3994140625,b_to_a_serving_bench.json,,
B_to_A,unpruned,prefill,2048,B_to_A@16,26436.04265898466,14896.1875,13314.3994140625,b_to_a_serving_bench.json,,
B_to_A,unpruned,prefill,2048,B_to_A@24,26438.328243792057,14896.1875,13314.3994140625,b_to_a_serving_bench.json,,
B_to_A,unpruned,decode,,pure-Pythia,,,,b_to_a_serving_bench.json,9.491199863187788,105.36075674463063
B_to_A,unpruned,decode,,pure-RWKV,,,,b_to_a_serving_bench.json,0.15075607415754158,6633.231898536906
B_to_A,unpruned,decode,,B_to_A@4,,,,b_to_a_serving_bench.json,0.1481795486437001,6748.569618095644
B_to_A,unpruned,decode,,B_to_A@8,,,,b_to_a_serving_bench.json,0.14821452036189772,6746.977270231582
B_to_A,unpruned,decode,,B_to_A@16,,,,b_to_a_serving_bench.json,0.14819234290061012,6747.986977105029
B_to_A,unpruned,decode,,B_to_A@24,,,,b_to_a_serving_bench.json,0.14820126437649614,6747.580759227276
