direction,benchmark,phase,config,rwkv_blocks,pythia_blocks,weight_mib_dev_a,weight_mib_dev_b,weight_mib_total,parent_gate_relative_error,source_front_gate_relative_error,target_suffix_gate_relative_error,gate_relative_error,source_file,context_tokens,ms,peak_devA_MiB,peak_devB_MiB
B_to_A,pruned,prefill,pure-Pythia,0,32,0.0,13076.859375,13076.859375,,,,,b_to_a_serving_pruned.json,512,96.74072824418545,14623.171875,13139.9892578125
B_to_A,pruned,prefill,pure-Pythia,0,32,0.0,13076.859375,13076.859375,,,,,b_to_a_serving_pruned.json,2048,377.9116403311491,14623.171875,13298.3994140625
B_to_A,pruned,prefill,pure-RWKV,32,0,14100.859375,0.0,14100.859375,,,,,b_to_a_serving_pruned.json,512,6666.65124706924,14687.17578125,13085.9853515625
B_to_A,pruned,prefill,pure-RWKV,32,0,14100.859375,0.0,14100.859375,,,,,b_to_a_serving_pruned.json,2048,26544.070167466998,14879.1875,13085.9853515625
B_to_A,pruned,prefill,B_early_exit@5,0,5,0.0,2706.1171875,2706.1171875,,,,,b_to_a_serving_pruned.json,512,18.417395651340485,522.3125,2769.2470703125
B_to_A,pruned,prefill,B_early_exit@5,0,5,0.0,2706.1171875,2706.1171875,,,,,b_to_a_serving_pruned.json,2048,74.65318031609058,522.3125,2927.6572265625
B_to_A,pruned,prefill,B_early_exit@9,0,9,0.0,4242.5234375,4242.5234375,,,,,b_to_a_serving_pruned.json,512,30.28317727148533,522.3125,4305.6533203125
B_to_A,pruned,prefill,B_early_exit@9,0,9,0.0,4242.5234375,4242.5234375,,,,,b_to_a_serving_pruned.json,2048,119.14808861911297,522.3125,4464.0634765625
B_to_A,pruned,prefill,B_early_exit@17,0,17,0.0,7315.3359375,7315.3359375,,,,,b_to_a_serving_pruned.json,512,53.40432561933994,522.3125,7378.4658203125
B_to_A,pruned,prefill,B_early_exit@17,0,17,0.0,7315.3359375,7315.3359375,,,,,b_to_a_serving_pruned.json,2048,207.892544567585,522.3125,7536.8759765625
B_to_A,pruned,prefill,B_early_exit@25,0,25,0.0,10388.1484375,10388.1484375,,,,,b_to_a_serving_pruned.json,512,76.65477320551872,522.3125,10451.2783203125
B_to_A,pruned,prefill,B_early_exit@25,0,25,0.0,10388.1484375,10388.1484375,,,,,b_to_a_serving_pruned.json,2048,297.6147122681141,522.3125,10609.6884765625
B_to_A,pruned,prefill,pruned-B_to_A@4,27,5,12139.734375,2313.3046875,14453.0390625,0.0,0.0,0.0,0.0,b_to_a_serving_pruned.json,512,5652.470350265503,12218.10546875,2765.10546875
B_to_A,pruned,prefill,pruned-B_to_A@4,27,5,12139.734375,2313.3046875,14453.0390625,0.0,0.0,0.0,0.0,b_to_a_serving_pruned.json,2048,22606.095526367426,12410.10546875,2909.31640625
B_to_A,pruned,prefill,pruned-B_to_A@8,23,9,10475.328125,3849.7109375,14325.0390625,0.0,0.0,0.0,0.0,b_to_a_serving_pruned.json,512,4868.92069876194,10553.69921875,4301.51171875
B_to_A,pruned,prefill,pruned-B_to_A@8,23,9,10475.328125,3849.7109375,14325.0390625,0.0,0.0,0.0,0.0,b_to_a_serving_pruned.json,2048,19299.7431345284,10745.69921875,4445.72265625
B_to_A,pruned,prefill,pruned-B_to_A@16,15,17,7146.515625,6922.5234375,14069.0390625,0.0,0.0,0.0,0.0,b_to_a_serving_pruned.json,512,3230.9814393520355,7224.88671875,7374.32421875
B_to_A,pruned,prefill,pruned-B_to_A@16,15,17,7146.515625,6922.5234375,14069.0390625,0.0,0.0,0.0,0.0,b_to_a_serving_pruned.json,2048,12844.906223937869,7416.88671875,7518.53515625
B_to_A,pruned,prefill,pruned-B_to_A@24,7,25,3817.703125,9995.3359375,13813.0390625,0.0,0.0,0.0,0.0,b_to_a_serving_pruned.json,512,1542.092302814126,3896.07421875,10447.13671875
B_to_A,pruned,prefill,pruned-B_to_A@24,7,25,3817.703125,9995.3359375,13813.0390625,0.0,0.0,0.0,0.0,b_to_a_serving_pruned.json,2048,6145.166024565697,4088.07421875,10591.34765625
