result_type,direction,task,alpha,layer,config,value,n_items,source_file
representation_r2,A_to_B,held_out_residuals,0.0,4,,-0.4439355134963989,,cross_family_mlp_representation.json
representation_r2,A_to_B,held_out_residuals,0.0,10,,-0.40327394008636475,,cross_family_mlp_representation.json
representation_r2,A_to_B,held_out_residuals,0.0,16,,-0.3850822448730469,,cross_family_mlp_representation.json
representation_r2,A_to_B,held_out_residuals,0.0,22,,-0.3810616731643677,,cross_family_mlp_representation.json
representation_r2,A_to_B,held_out_residuals,0.0,28,,-0.41913819313049316,,cross_family_mlp_representation.json
representation_r2,A_to_B,held_out_residuals,0.25,4,,-0.5074034929275513,,cross_family_mlp_representation.json
representation_r2,A_to_B,held_out_residuals,0.25,10,,-0.46944165229797363,,cross_family_mlp_representation.json
representation_r2,A_to_B,held_out_residuals,0.25,16,,-0.8456530570983887,,cross_family_mlp_representation.json
representation_r2,A_to_B,held_out_residuals,0.25,22,,-1.056074619293213,,cross_family_mlp_representation.json
representation_r2,A_to_B,held_out_residuals,0.25,28,,-0.8685811758041382,,cross_family_mlp_representation.json
representation_r2,A_to_B,held_out_residuals,0.5,4,,0.34225887060165405,,cross_family_mlp_representation.json
representation_r2,A_to_B,held_out_residuals,0.5,10,,0.3584005832672119,,cross_family_mlp_representation.json
representation_r2,A_to_B,held_out_residuals,0.5,16,,0.3705717921257019,,cross_family_mlp_representation.json
representation_r2,A_to_B,held_out_residuals,0.5,22,,0.3691827654838562,,cross_family_mlp_representation.json
representation_r2,A_to_B,held_out_residuals,0.5,28,,0.30015212297439575,,cross_family_mlp_representation.json
representation_r2,A_to_B,held_out_residuals,0.75,4,,0.5227100253105164,,cross_family_mlp_representation.json
representation_r2,A_to_B,held_out_residuals,0.75,10,,0.5201852321624756,,cross_family_mlp_representation.json
representation_r2,A_to_B,held_out_residuals,0.75,16,,0.5301457047462463,,cross_family_mlp_representation.json
representation_r2,A_to_B,held_out_residuals,0.75,22,,0.53289794921875,,cross_family_mlp_representation.json
representation_r2,A_to_B,held_out_residuals,0.75,28,,0.4837537407875061,,cross_family_mlp_representation.json
representation_r2,A_to_B,held_out_residuals,1.0,4,,0.5698650479316711,,cross_family_mlp_representation.json
representation_r2,A_to_B,held_out_residuals,1.0,10,,0.5663868188858032,,cross_family_mlp_representation.json
representation_r2,A_to_B,held_out_residuals,1.0,16,,0.5747405290603638,,cross_family_mlp_representation.json
representation_r2,A_to_B,held_out_residuals,1.0,22,,0.5761587619781494,,cross_family_mlp_representation.json
representation_r2,A_to_B,held_out_residuals,1.0,28,,0.5274918675422668,,cross_family_mlp_representation.json
representation_r2,B_to_A,held_out_residuals,0.0,4,,-0.35439610481262207,,cross_family_mlp_representation.json
representation_r2,B_to_A,held_out_residuals,0.0,10,,-0.3122607469558716,,cross_family_mlp_representation.json
representation_r2,B_to_A,held_out_residuals,0.0,16,,-0.2743566036224365,,cross_family_mlp_representation.json
representation_r2,B_to_A,held_out_residuals,0.0,22,,-0.2852288484573364,,cross_family_mlp_representation.json
representation_r2,B_to_A,held_out_residuals,0.0,28,,-0.29760241508483887,,cross_family_mlp_representation.json
representation_r2,B_to_A,held_out_residuals,0.25,4,,-1.3354899883270264,,cross_family_mlp_representation.json
representation_r2,B_to_A,held_out_residuals,0.25,10,,-1.0061025619506836,,cross_family_mlp_representation.json
representation_r2,B_to_A,held_out_residuals,0.25,16,,-0.4889717102050781,,cross_family_mlp_representation.json
representation_r2,B_to_A,held_out_residuals,0.25,22,,-0.24399542808532715,,cross_family_mlp_representation.json
representation_r2,B_to_A,held_out_residuals,0.25,28,,-0.21681559085845947,,cross_family_mlp_representation.json
representation_r2,B_to_A,held_out_residuals,0.5,4,,0.26952284574508667,,cross_family_mlp_representation.json
representation_r2,B_to_A,held_out_residuals,0.5,10,,0.30800843238830566,,cross_family_mlp_representation.json
representation_r2,B_to_A,held_out_residuals,0.5,16,,0.41071903705596924,,cross_family_mlp_representation.json
representation_r2,B_to_A,held_out_residuals,0.5,22,,0.43041110038757324,,cross_family_mlp_representation.json
representation_r2,B_to_A,held_out_residuals,0.5,28,,0.39999401569366455,,cross_family_mlp_representation.json
representation_r2,B_to_A,held_out_residuals,0.75,4,,0.505638599395752,,cross_family_mlp_representation.json
representation_r2,B_to_A,held_out_residuals,0.75,10,,0.4923526644706726,,cross_family_mlp_representation.json
representation_r2,B_to_A,held_out_residuals,0.75,16,,0.5611261129379272,,cross_family_mlp_representation.json
representation_r2,B_to_A,held_out_residuals,0.75,22,,0.5765728950500488,,cross_family_mlp_representation.json
representation_r2,B_to_A,held_out_residuals,0.75,28,,0.538752555847168,,cross_family_mlp_representation.json
representation_r2,B_to_A,held_out_residuals,1.0,4,,0.5521141886711121,,cross_family_mlp_representation.json
representation_r2,B_to_A,held_out_residuals,1.0,10,,0.5357943177223206,,cross_family_mlp_representation.json
representation_r2,B_to_A,held_out_residuals,1.0,16,,0.6043704748153687,,cross_family_mlp_representation.json
representation_r2,B_to_A,held_out_residuals,1.0,22,,0.6215012073516846,,cross_family_mlp_representation.json
representation_r2,B_to_A,held_out_residuals,1.0,28,,0.5823310613632202,,cross_family_mlp_representation.json
