scope,direction,layer,adapter_cross_r2,linearised_fit_r2,linearised_cross_r2,best_affine_cross_r2,ridge_imitate,ridge_direct,evaluation_rows,fit_rows,checkpoint_step,source_file
layer,A_to_B,4,0.5653063233939999,0.8708894650628878,0.4973629294033838,0.48925090888082445,50.280621698885525,50.280621698885525,50400,50400,415000,cross_family_linearity_L32.json
layer,A_to_B,10,0.5597926767836756,0.8641488582420785,0.4890403469150204,0.490856305925233,50.14496005068204,50.14496005068204,50400,50400,415000,cross_family_linearity_L32.json
layer,A_to_B,16,0.5685418734095349,0.8649789629412865,0.4975564068437661,0.498147423712899,50.164651549305326,50.164651549305326,50400,50400,415000,cross_family_linearity_L32.json
layer,A_to_B,22,0.5717897320078626,0.8654183467893073,0.4988992024953628,0.4937761010451096,50.289032390236635,50.289032390236635,50400,50400,415000,cross_family_linearity_L32.json
layer,A_to_B,28,0.525816758921984,0.8669030880228487,0.4646679001711198,0.4647513355454008,50.46564871415821,50.46564871415821,50400,50400,415000,cross_family_linearity_L32.json
layer,B_to_A,4,0.5440890269964789,0.8749136802348104,0.4820445235157146,0.4744166015145498,50.480814307248664,50.480814307248664,50400,50400,415000,cross_family_linearity_L32.json
layer,B_to_A,10,0.5309952756142426,0.875941252868301,0.47547938095603304,0.49835945795693715,50.20262964333883,50.20262964333883,50400,50400,415000,cross_family_linearity_L32.json
layer,B_to_A,16,0.6006639457407006,0.8903708088468612,0.5449991039978999,0.568191177150333,50.29125651882795,50.29125651882795,50400,50400,415000,cross_family_linearity_L32.json
layer,B_to_A,22,0.6199865926022877,0.8842425892504092,0.5558716239323456,0.5799088878662113,50.57918864516082,50.57918864516082,50400,50400,415000,cross_family_linearity_L32.json
layer,B_to_A,28,0.5846848494781866,0.8767740047843721,0.5219102628345506,0.5565820096427511,50.70589942517284,50.70589942517284,50400,50400,415000,cross_family_linearity_L32.json
mean,A_to_B,,0.5582494729034113,0.8664677442116817,0.4895053571657305,0.4873564150218934,,,252000,252000,415000,cross_family_linearity_L32.json
mean,B_to_A,,0.5760839380863793,0.8804484671969508,0.5160609790473087,0.5354916268261565,,,252000,252000,415000,cross_family_linearity_L32.json
