row_type,layer,statistics,A->A,A->B,B->B,B->A,rho_ctr,A->B_shuf,B->A_shuf,rho_ctr_shuf,n_windows,window_tokens,seed,source_file
layer,0,ckpt,0.719719648361206,0.5988138914108276,0.7356206178665161,0.6231348514556885,0.9188279509544373,-0.6378216743469238,-0.6267114877700806,0.0009066879283636808,400,112,0,four_path_layer_metrics.json
layer,1,ckpt,0.711482584476471,0.5802556276321411,0.7201167941093445,0.6211727857589722,0.9159267544746399,-0.6058802604675293,-0.6363183259963989,0.0010253041982650757,400,112,0,four_path_layer_metrics.json
layer,2,ckpt,0.7000895142555237,0.5708215236663818,0.7096934914588928,0.6080759763717651,0.9135119915008545,-0.5952377319335938,-0.6343127489089966,0.0010842251358553767,400,112,0,four_path_layer_metrics.json
layer,3,ckpt,0.6774462461471558,0.5723817944526672,0.7191091179847717,0.5800557732582092,0.9092991352081299,-0.5898880958557129,-0.607898473739624,0.0009784307330846786,400,112,0,four_path_layer_metrics.json
layer,4,ckpt,0.6558155417442322,0.5698650479316711,0.7211531400680542,0.5521141886711121,0.9043123126029968,-0.6107608079910278,-0.5711809396743774,0.0008840124937705696,400,112,0,four_path_layer_metrics.json
layer,5,ckpt,0.6345536708831787,0.5679476857185364,0.7192603349685669,0.5284075736999512,0.9035471677780151,-0.6064496040344238,-0.548255443572998,0.0007880358607508242,400,112,0,four_path_layer_metrics.json
layer,6,ckpt,0.6261588335037231,0.5627068281173706,0.7117737531661987,0.5195446014404297,0.9029974341392517,-0.6052031517028809,-0.5448964834213257,0.00046064055641181767,400,112,0,four_path_layer_metrics.json
layer,7,ckpt,0.6219691038131714,0.5577860474586487,0.7093892097473145,0.5155931711196899,0.902064859867096,-0.600182294845581,-0.5433453321456909,0.00023042895190883428,400,112,0,four_path_layer_metrics.json
layer,8,ckpt,0.6214861869812012,0.5554777383804321,0.7052934169769287,0.516525149345398,0.902355432510376,-0.5958185195922852,-0.5463212728500366,0.0001873877044999972,400,112,0,four_path_layer_metrics.json
layer,9,ckpt,0.6331697702407837,0.5599020719528198,0.7076643109321594,0.5301544666290283,0.9040062427520752,-0.6006374359130859,-0.5564988851547241,8.435075869783759e-05,400,112,0,four_path_layer_metrics.json
layer,10,ckpt,0.6382334232330322,0.5663868188858032,0.7111348509788513,0.5357943177223206,0.9053418636322021,-0.6037343740463257,-0.5630984306335449,5.04591989738401e-05,400,112,0,four_path_layer_metrics.json
layer,11,ckpt,0.650590181350708,0.5706497430801392,0.7114598751068115,0.5488735437393188,0.9065905809402466,-0.6086171865463257,-0.5753285884857178,2.9256005291244946e-05,400,112,0,four_path_layer_metrics.json
layer,12,ckpt,0.6606004238128662,0.5719499588012695,0.7134695053100586,0.5592629909515381,0.9058049321174622,-0.607770562171936,-0.5899112224578857,-0.00016238009266089648,400,112,0,four_path_layer_metrics.json
layer,13,ckpt,0.6711061000823975,0.5745608806610107,0.7151585221290588,0.5690705180168152,0.9060145616531372,-0.6106237173080444,-0.6000062227249146,-0.00012511656677816063,400,112,0,four_path_layer_metrics.json
layer,14,ckpt,0.6831580400466919,0.5741336941719055,0.7148810625076294,0.5818604230880737,0.9068082571029663,-0.607909083366394,-0.6084669828414917,-0.00012058226275257766,400,112,0,four_path_layer_metrics.json
layer,15,ckpt,0.6938467025756836,0.5735843181610107,0.715255856513977,0.5942208170890808,0.9077897071838379,-0.6044511795043945,-0.6190817356109619,-0.0001963608228834346,400,112,0,four_path_layer_metrics.json
layer,16,ckpt,0.7019853591918945,0.5747405290603638,0.7169795036315918,0.6043704748153687,0.9080588817596436,-0.6016227006912231,-0.6352401971817017,-9.652243898017332e-05,400,112,0,four_path_layer_metrics.json
layer,17,ckpt,0.7089464664459229,0.5748263597488403,0.7200221419334412,0.6127172112464905,0.9079532623291016,-0.5969657897949219,-0.6443303823471069,-0.0001821153418859467,400,112,0,four_path_layer_metrics.json
layer,18,ckpt,0.7139043807983398,0.5759007930755615,0.7215171456336975,0.6186798810958862,0.9083310961723328,-0.5968382358551025,-0.6499322652816772,-0.00019937555771321058,400,112,0,four_path_layer_metrics.json
layer,19,ckpt,0.7169454097747803,0.5752879977226257,0.7224222421646118,0.622836709022522,0.9078168272972107,-0.5982785224914551,-0.6518844366073608,-0.00016703052097000182,400,112,0,four_path_layer_metrics.json
layer,20,ckpt,0.7196482419967651,0.5774016380310059,0.7269423007965088,0.6249305009841919,0.9068061113357544,-0.6032967567443848,-0.6476327180862427,-0.0002689971588551998,400,112,0,four_path_layer_metrics.json
layer,21,ckpt,0.721960186958313,0.5777641534805298,0.7290165424346924,0.6282163262367249,0.9061978459358215,-0.5981030464172363,-0.651517391204834,-0.0003086850338149816,400,112,0,four_path_layer_metrics.json
layer,22,ckpt,0.7166427373886108,0.5761587619781494,0.7301195859909058,0.6215012073516846,0.9041246771812439,-0.5996246337890625,-0.6384788751602173,-0.00036339316284283996,400,112,0,four_path_layer_metrics.json
layer,23,ckpt,0.7138756513595581,0.5722708702087402,0.7270673513412476,0.6179225444793701,0.9026047587394714,-0.5958046913146973,-0.6347858905792236,-0.00026701251044869423,400,112,0,four_path_layer_metrics.json
layer,24,ckpt,0.704789400100708,0.5671422481536865,0.7224844098091125,0.6081187725067139,0.9002677202224731,-0.6009694337844849,-0.6211385726928711,-0.0002834743063431233,400,112,0,four_path_layer_metrics.json
layer,25,ckpt,0.7007912397384644,0.5597261786460876,0.7166626453399658,0.6006157398223877,0.8973264098167419,-0.5991944074630737,-0.613417387008667,-0.0002307970280526206,400,112,0,four_path_layer_metrics.json
layer,26,ckpt,0.6976900100708008,0.5508764982223511,0.710396409034729,0.5953634977340698,0.8937350511550903,-0.5962475538253784,-0.6039160490036011,-0.0002543391310609877,400,112,0,four_path_layer_metrics.json
layer,27,ckpt,0.6907143592834473,0.5402513742446899,0.7035900950431824,0.5849857330322266,0.8885197043418884,-0.5977869033813477,-0.5891082286834717,-0.00022095780877862126,400,112,0,four_path_layer_metrics.json
layer,28,ckpt,0.6921237707138062,0.5274918675422668,0.6947282552719116,0.5823310613632202,0.8832082748413086,-0.5998866558074951,-0.5735839605331421,-0.00022720945707987994,400,112,0,four_path_layer_metrics.json
layer,29,ckpt,0.7227585315704346,0.5139986276626587,0.686071515083313,0.5958568453788757,0.8773117065429688,-0.5945992469787598,-0.551013708114624,-0.00021241020294837654,400,112,0,four_path_layer_metrics.json
layer,30,ckpt,0.8360462188720703,0.4983453154563904,0.676567792892456,0.6693772077560425,0.8717674612998962,-0.4983022212982178,-0.5977300405502319,-0.00032103058765642345,400,112,0,four_path_layer_metrics.json
layer,31,ckpt,0.9344837069511414,0.47218239307403564,0.6783155202865601,0.7744770050048828,0.8620889186859131,-0.3877321481704712,-0.8099180459976196,-0.0003979755856562406,400,112,0,four_path_layer_metrics.json
mean_1_31,,mixed,0.6959036127213509,0.5600895285606384,0.7125069902789208,0.5910653875720117,0.9007254819716176,-0.5909166759060275,-0.6083402979758478,3.860535546282922e-05,400,112,0,four_path_layer_metrics.json
mean_0_31,,mixed,0.6966478638350964,0.5612996648997068,0.7132292911410332,0.5920675583183765,0.9012911841273308,-0.5923824571073055,-0.6089143976569176,6.573293586598083e-05,400,112,0,four_path_layer_metrics.json
