step,learning_rate,loss,train_a_to_b_r2,eval_a_to_b_r2,eval_b_to_a_r2,eval_a_to_a_r2,eval_b_to_b_r2,latent_rho_centered,latent_rho_raw,latent_f,elapsed_seconds,seed,tokens_per_layer,latent_size
0,0.001,4.2362,-0.107,-0.1076,-0.135,-0.0417,-0.029,0.1649,0.1602,0.9261,,0,228000,4096
1000,0.001,1.7379,0.1087,0.1077,0.0997,0.161,0.2285,0.749,0.9962,0.0145,,0,228000,4096
2000,0.001,1.4928,0.1543,0.153,0.1427,0.2274,0.2823,0.8043,0.996,0.0181,,0,228000,4096
3000,0.001,1.5034,0.1821,0.1792,0.1904,0.279,0.3077,0.8324,0.9958,0.0227,,0,228000,4096
4000,0.001,1.4198,0.1921,0.1888,0.109,0.2048,0.3138,0.8445,0.9952,0.0255,,0,228000,4096
5000,0.001,1.4876,0.192,0.1886,0.1588,0.25,0.3236,0.8356,0.9953,0.0237,,0,228000,4096
6000,0.001,1.411,0.2033,0.2034,0.2146,0.2949,0.3318,0.8278,0.9955,0.0233,,0,228000,4096
7000,0.001,1.4044,0.1997,0.1962,0.2234,0.2936,0.3464,0.8532,0.9956,0.0257,,0,228000,4096
8000,0.001,1.4195,0.2214,0.2176,0.2266,0.3158,0.3428,0.8543,0.9955,0.0284,,0,228000,4096
9000,0.001,1.4241,0.2267,0.2251,0.2431,0.3107,0.3497,0.8629,0.9954,0.0318,,0,228000,4096
10000,0.001,1.4697,0.2374,0.2344,0.2442,0.3148,0.3536,0.8641,0.9956,0.0308,,0,228000,4096
11000,0.001,1.3472,0.2383,0.2339,0.2428,0.3153,0.3529,0.8603,0.9955,0.0306,,0,228000,4096
12000,0.001,1.3023,0.2457,0.2446,0.2574,0.3276,0.369,0.8693,0.9954,0.0334,,0,228000,4096
13000,0.001,1.3116,0.2549,0.2523,0.2613,0.3247,0.3708,0.8741,0.9952,0.0354,,0,228000,4096
14000,0.001,1.3459,0.2615,0.2559,0.2589,0.3239,0.3807,0.8787,0.995,0.0369,,0,228000,4096
15000,0.001,1.3664,0.2707,0.2655,0.2706,0.3333,0.3847,0.8853,0.9949,0.042,,0,228000,4096
16000,0.001,1.3074,0.2739,0.2688,0.2519,0.3335,0.3861,0.8749,0.9952,0.0363,,0,228000,4096
17000,0.001,1.3286,0.2809,0.2768,0.2746,0.3401,0.3947,0.8861,0.9949,0.0431,,0,228000,4096
18000,0.001,1.3081,0.2917,0.2857,0.2585,0.3183,0.4042,0.8882,0.9944,0.046,,0,228000,4096
19000,0.001,1.1933,0.301,0.2957,0.2784,0.347,0.4141,0.8875,0.9948,0.0439,,0,228000,4096
20000,0.001,1.1651,0.3009,0.2944,0.2939,0.3544,0.4228,0.8862,0.9944,0.047,,0,228000,4096
21000,0.001,1.1943,0.3221,0.3165,0.3059,0.3661,0.4385,0.8977,0.9944,0.0531,,0,228000,4096
22000,0.001,1.2155,0.3278,0.3212,0.3067,0.3671,0.4444,0.901,0.9945,0.0536,,0,228000,4096
23000,0.001,1.2449,0.3244,0.3175,0.3079,0.3688,0.4387,0.8994,0.9946,0.051,,0,228000,4096
24000,0.001,1.099,0.352,0.3435,0.329,0.3851,0.4589,0.9093,0.9941,0.0636,,0,228000,4096
25000,0.001,1.1468,0.3549,0.3473,0.3347,0.3929,0.4699,0.9062,0.9943,0.0582,,0,228000,4096
26000,0.001,1.2188,0.3658,0.3569,0.3512,0.4083,0.4699,0.9138,0.9944,0.0624,,0,228000,4096
27000,0.001,1.1676,0.3755,0.3656,0.362,0.4197,0.4718,0.9182,0.9943,0.0678,,0,228000,4096
28000,0.001,1.1038,0.3935,0.3831,0.3755,0.4324,0.49,0.9178,0.9942,0.0689,,0,228000,4096
29000,0.001,1.0363,0.3962,0.3856,0.3818,0.4407,0.483,0.9214,0.9943,0.0704,,0,228000,4096
30000,0.001,1.1636,0.4027,0.3906,0.3926,0.4532,0.4882,0.9227,0.9943,0.0711,,0,228000,4096
31000,0.001,1.1092,0.4104,0.3983,0.398,0.4574,0.4916,0.9238,0.9941,0.0731,,0,228000,4096
32000,0.001,1.0047,0.4174,0.405,0.405,0.4626,0.4966,0.9271,0.9941,0.0783,,0,228000,4096
33000,0.001,1.052,0.423,0.4129,0.4124,0.471,0.5056,0.9285,0.9942,0.0782,,0,228000,4096
34000,0.001,1.0041,0.4267,0.4135,0.4237,0.4836,0.5,0.9304,0.9942,0.0824,,0,228000,4096
35000,0.001,1.0332,0.4395,0.4238,0.4284,0.4893,0.511,0.9313,0.9941,0.0845,,0,228000,4096
36000,0.001,1.0886,0.4097,0.3975,0.3976,0.464,0.5137,0.9271,0.9938,0.0745,,0,228000,4096
37000,0.001,1.0126,0.4434,0.4294,0.4379,0.4964,0.5116,0.9356,0.9942,0.0896,,0,228000,4096
38000,0.001,1.0299,0.4355,0.4207,0.3773,0.3857,0.5153,0.9328,0.9935,0.0844,,0,228000,4096
39000,0.001,1.1718,0.4452,0.4312,0.4423,0.503,0.5071,0.9353,0.994,0.09,,0,228000,4096
40000,0.001,1.0081,0.4305,0.4181,0.417,0.5142,0.4949,0.9315,0.9945,0.0747,,0,228000,4096
41000,0.001,1.0309,0.4558,0.4396,0.4551,0.5151,0.5204,0.9366,0.9943,0.0895,,0,228000,4096
42000,0.001,1.0464,0.4535,0.4366,0.4587,0.5177,0.512,0.9395,0.9939,0.1001,,0,228000,4096
43000,0.001,1.0001,0.4553,0.4398,0.4538,0.5107,0.5219,0.9367,0.994,0.0926,,0,228000,4096
44000,0.001,1.0085,0.4577,0.4426,0.4587,0.5196,0.5152,0.9392,0.9938,0.0987,,0,228000,4096
45000,0.001,1.0294,0.4611,0.4465,0.4561,0.5177,0.5215,0.9383,0.994,0.0959,,0,228000,4096
46000,0.001,0.9733,0.4666,0.45,0.4662,0.5286,0.5252,0.9401,0.994,0.0996,,0,228000,4096
47000,0.001,0.9335,0.468,0.4513,0.4652,0.5284,0.526,0.9394,0.994,0.0972,,0,228000,4096
48000,0.001,0.9038,0.4652,0.4479,0.4639,0.5258,0.5212,0.9404,0.9939,0.1007,,0,228000,4096
49000,0.001,0.757,0.4621,0.4473,0.4513,0.5075,0.5218,0.9384,0.9938,0.0958,,0,228000,4096
50000,0.001,0.8918,0.4679,0.4521,0.4691,0.5287,0.5251,0.9403,0.9936,0.1044,,0,228000,4096
51000,0.001,0.9685,0.4717,0.4539,0.4725,0.5329,0.5229,0.9418,0.9935,0.107,,0,228000,4096
52000,0.001,0.9015,0.4788,0.4609,0.4751,0.5339,0.5345,0.9423,0.9938,0.105,,0,228000,4096
53000,0.001,0.9758,0.4735,0.4554,0.4777,0.5397,0.5277,0.942,0.9938,0.1048,,0,228000,4096
54000,0.001,0.9561,0.4787,0.4603,0.4822,0.5415,0.5332,0.9416,0.994,0.1024,,0,228000,4096
55000,0.001,0.8875,0.4784,0.4602,0.4844,0.5454,0.5299,0.9434,0.9937,0.111,,0,228000,4096
56000,0.0005,0.9874,0.4703,0.4526,0.4733,0.5396,0.5331,0.938,0.994,0.0943,,0,228000,4096
57000,0.0005,0.9223,0.4925,0.4735,0.5013,0.5617,0.5444,0.9475,0.9932,0.1304,,0,228000,4096
58000,0.0005,0.8495,0.4954,0.4765,0.5039,0.5623,0.5451,0.9502,0.9931,0.1383,,0,228000,4096
59000,0.0005,0.8257,0.4984,0.4778,0.5047,0.5607,0.5454,0.9512,0.9931,0.1409,,0,228000,4096
60000,0.0005,0.9121,0.4986,0.4785,0.5039,0.5579,0.5476,0.9508,0.9929,0.1428,,0,228000,4096
61000,0.0005,0.8786,0.5006,0.4809,0.5074,0.5639,0.5486,0.9518,0.993,0.146,,0,228000,4096
62000,0.0005,0.8545,0.5034,0.4822,0.5091,0.5639,0.5497,0.9524,0.9929,0.148,,0,228000,4096
63000,0.0005,0.9223,0.5028,0.4822,0.5097,0.568,0.5478,0.9528,0.993,0.1475,,0,228000,4096
64000,0.0005,0.9306,0.5027,0.4833,0.5137,0.5671,0.5494,0.9519,0.9928,0.1494,,0,228000,4096
65000,0.0005,0.9583,0.5059,0.4855,0.5139,0.5698,0.5524,0.9526,0.9927,0.1537,,0,228000,4096
66000,0.0005,0.9235,0.5073,0.486,0.5139,0.5699,0.5523,0.9522,0.9927,0.1532,,0,228000,4096
67000,0.0005,0.8977,0.5045,0.4843,0.5147,0.571,0.5507,0.952,0.9925,0.1547,,0,228000,4096
68000,0.0005,0.8477,0.5092,0.4889,0.5147,0.5699,0.5562,0.9521,0.9926,0.1552,,0,228000,4096
69000,0.0005,0.9524,0.5075,0.489,0.5176,0.5726,0.5558,0.952,0.9925,0.1566,,0,228000,4096
70000,0.0005,0.9839,0.5098,0.4898,0.5195,0.5748,0.5569,0.9514,0.9923,0.1582,,0,228000,4096
71000,0.0005,0.9194,0.5128,0.4915,0.5209,0.576,0.5584,0.9513,0.9924,0.1571,,0,228000,4096
72000,0.0005,0.8526,0.5123,0.4923,0.521,0.5766,0.5588,0.9513,0.9923,0.1584,,0,228000,4096
73000,0.0005,0.9029,0.5109,0.4899,0.519,0.5743,0.5567,0.9505,0.9919,0.1598,,0,228000,4096
74000,0.0005,0.8603,0.5171,0.495,0.5245,0.5793,0.5629,0.9506,0.992,0.1628,,0,228000,4096
75000,0.0005,0.8309,0.5157,0.4945,0.5228,0.5775,0.5629,0.9504,0.992,0.1609,,0,228000,4096
76000,0.0005,0.9112,0.5149,0.4952,0.5239,0.5792,0.5639,0.9497,0.992,0.1595,,0,228000,4096
77000,0.0005,0.8537,0.5154,0.4936,0.5163,0.5737,0.5623,0.9489,0.9916,0.1608,,0,228000,4096
78000,0.0005,0.9002,0.5176,0.4962,0.5254,0.5813,0.5648,0.9488,0.9917,0.162,,0,228000,4096
79000,0.0005,0.8912,0.5173,0.4975,0.5268,0.5829,0.5679,0.9481,0.9915,0.1629,,0,228000,4096
80000,0.0005,0.9576,0.5181,0.4977,0.526,0.5805,0.5678,0.9477,0.9913,0.163,,0,228000,4096
81000,0.0005,0.8693,0.517,0.4976,0.5267,0.5836,0.5664,0.947,0.9912,0.1645,,0,228000,4096
82000,0.00025,0.8595,0.5175,0.4972,0.5252,0.5799,0.5692,0.9463,0.991,0.1654,,0,228000,4096
83000,0.00025,0.9098,0.5286,0.5065,0.5384,0.594,0.5784,0.9484,0.9906,0.1823,,0,228000,4096
84000,0.00025,0.7618,0.5303,0.5075,0.5395,0.5945,0.58,0.949,0.9905,0.1884,,0,228000,4096
85000,0.00025,0.8561,0.5293,0.508,0.5399,0.594,0.5803,0.9493,0.9904,0.1892,,0,228000,4096
86000,0.00025,0.8584,0.5293,0.5099,0.5412,0.5956,0.5825,0.9495,0.9903,0.1931,,0,228000,4096
87000,0.00025,0.8621,0.532,0.5104,0.5423,0.5965,0.5838,0.9491,0.9901,0.1958,,0,228000,4096
88000,0.00025,0.8676,0.534,0.5114,0.5442,0.5976,0.5849,0.949,0.9899,0.1988,,0,228000,4096
89000,0.00025,0.9077,0.5323,0.511,0.5417,0.5959,0.5839,0.9483,0.9898,0.1992,,0,228000,4096
90000,0.00025,0.8822,0.5334,0.5123,0.5444,0.5987,0.5876,0.9482,0.9897,0.1999,,0,228000,4096
91000,0.00025,0.7919,0.5346,0.512,0.5444,0.5987,0.5875,0.9475,0.9895,0.2009,,0,228000,4096
92000,0.00025,0.8041,0.5336,0.5135,0.5464,0.6002,0.5903,0.9472,0.9895,0.2004,,0,228000,4096
93000,0.00025,0.813,0.5346,0.5141,0.5468,0.6012,0.5915,0.9464,0.9891,0.2042,,0,228000,4096
94000,0.00025,0.8633,0.5383,0.5152,0.547,0.602,0.5939,0.9459,0.9889,0.2066,,0,228000,4096
95000,0.00025,0.8882,0.538,0.5151,0.5475,0.6023,0.5946,0.9454,0.9887,0.2072,,0,228000,4096
96000,0.00025,0.7796,0.5388,0.5165,0.5496,0.604,0.5967,0.9448,0.9886,0.2071,,0,228000,4096
97000,0.00025,0.7722,0.5386,0.5165,0.5484,0.6021,0.5984,0.9436,0.9882,0.2097,,0,228000,4096
98000,0.00025,0.8175,0.5382,0.5155,0.5481,0.6032,0.5984,0.9427,0.9879,0.2113,,0,228000,4096
99000,0.00025,0.7564,0.5385,0.5166,0.5494,0.6041,0.6003,0.942,0.988,0.2076,,0,228000,4096
100000,0.000125,0.7456,0.5387,0.5167,0.5493,0.6029,0.6025,0.9411,0.9876,0.2099,,0,228000,4096
101000,0.000125,0.8026,0.5423,0.5215,0.5554,0.6108,0.6078,0.9414,0.987,0.2227,,0,228000,4096
102000,0.000125,0.7973,0.5435,0.5216,0.5549,0.6096,0.6084,0.9416,0.9869,0.226,,0,228000,4096
103000,0.000125,0.7561,0.5452,0.5227,0.5569,0.6118,0.61,0.9415,0.9867,0.2288,,0,228000,4096
104000,0.000125,0.7493,0.5463,0.5227,0.557,0.612,0.611,0.9415,0.9865,0.2323,,0,228000,4096
105000,0.000125,0.7918,0.5456,0.5239,0.5578,0.6133,0.6128,0.9413,0.9864,0.2335,,0,228000,4096
106000,0.000125,0.841,0.5469,0.5244,0.5581,0.6137,0.6139,0.941,0.9862,0.2352,,0,228000,4096
107000,0.000125,0.8464,0.5471,0.5242,0.5584,0.6141,0.6148,0.9406,0.986,0.2379,,0,228000,4096
108000,0.000125,0.7587,0.5467,0.5252,0.5593,0.6155,0.6167,0.9401,0.9858,0.238,,0,228000,4096
109000,0.000125,0.7384,0.5469,0.5256,0.5594,0.6155,0.6181,0.9395,0.9856,0.2401,,0,228000,4096
110000,0.000125,0.8456,0.5478,0.5254,0.5602,0.616,0.6188,0.9388,0.9854,0.2397,,0,228000,4096
111000,0.000125,0.805,0.5472,0.5259,0.5603,0.6161,0.6199,0.9383,0.9852,0.2411,,0,228000,4096
112000,0.000125,0.7356,0.5488,0.527,0.5612,0.6173,0.6225,0.9377,0.985,0.2423,,0,228000,4096
113000,0.000125,0.7574,0.5463,0.5272,0.5612,0.6177,0.6236,0.9373,0.9848,0.2434,,0,228000,4096
114000,0.000125,0.7576,0.5496,0.5277,0.5622,0.6187,0.6249,0.9367,0.9846,0.2445,,0,228000,4096
115000,0.000125,0.8104,0.5507,0.5274,0.5622,0.619,0.6256,0.9359,0.9845,0.2439,,0,228000,4096
116000,0.000125,0.8195,0.5502,0.5282,0.5622,0.619,0.6275,0.9352,0.9842,0.2455,,0,228000,4096
117000,0.000125,0.7529,0.5497,0.5285,0.5631,0.6198,0.629,0.9348,0.984,0.2462,,0,228000,4096
118000,0.000125,0.7556,0.5514,0.5286,0.5631,0.6202,0.6301,0.9341,0.9838,0.2471,,0,228000,4096
119000,0.000125,0.8982,0.5499,0.5292,0.5637,0.6212,0.6316,0.9332,0.9835,0.2483,,0,228000,4096
120000,0.000125,0.765,0.5478,0.5285,0.5625,0.6208,0.631,0.9325,0.9834,0.2479,,0,228000,4096
121000,0.000125,0.8193,0.5524,0.5301,0.565,0.6229,0.6345,0.9321,0.9831,0.2495,,0,228000,4096
122000,0.000125,0.7969,0.5526,0.5301,0.565,0.6231,0.6354,0.9313,0.9829,0.2506,,0,228000,4096
123000,0.000125,0.7664,0.5522,0.5306,0.5652,0.6237,0.6368,0.9305,0.9826,0.251,,0,228000,4096
124000,0.000125,0.7777,0.5517,0.5307,0.5654,0.6237,0.6382,0.93,0.9825,0.251,,0,228000,4096
125000,0.000125,0.8219,0.5517,0.531,0.5656,0.6243,0.6399,0.9296,0.9823,0.2526,,0,228000,4096
126000,0.000125,0.7713,0.5535,0.5317,0.5662,0.6258,0.6413,0.9288,0.9821,0.2531,,0,228000,4096
127000,0.000125,0.735,0.554,0.532,0.5666,0.6265,0.6423,0.928,0.9818,0.2542,,0,228000,4096
128000,0.000125,0.7157,0.554,0.5316,0.5656,0.6248,0.643,0.9274,0.9815,0.2553,,0,228000,4096
129000,0.000125,0.5443,0.552,0.532,0.5654,0.6241,0.6439,0.9267,0.9812,0.2571,,0,228000,4096
130000,6.25e-05,0.7026,0.5526,0.5322,0.5658,0.6253,0.6458,0.9259,0.9811,0.2552,,0,228000,4096
131000,6.25e-05,0.7528,0.5569,0.5348,0.5703,0.6307,0.6492,0.9259,0.9806,0.2631,,0,228000,4096
132000,6.25e-05,0.7218,0.5573,0.5351,0.5708,0.631,0.6497,0.9262,0.9805,0.2656,,0,228000,4096
133000,6.25e-05,0.7715,0.558,0.5354,0.5708,0.6313,0.6506,0.9261,0.9804,0.2671,,0,228000,4096
134000,6.25e-05,0.7641,0.5583,0.5358,0.5711,0.6318,0.6514,0.9261,0.9802,0.2695,,0,228000,4096
135000,6.25e-05,0.7001,0.5581,0.536,0.5712,0.6327,0.6522,0.926,0.98,0.2708,,0,228000,4096
136000,6.25e-05,0.7717,0.5591,0.5364,0.5717,0.633,0.6529,0.9257,0.9799,0.2723,,0,228000,4096
137000,6.25e-05,0.7755,0.5589,0.5366,0.5717,0.6335,0.6537,0.9254,0.9797,0.2738,,0,228000,4096
138000,6.25e-05,0.7067,0.5585,0.5368,0.5724,0.6342,0.6545,0.9254,0.9796,0.275,,0,228000,4096
139000,6.25e-05,0.694,0.5604,0.537,0.5726,0.6343,0.6552,0.925,0.9795,0.275,,0,228000,4096
140000,6.25e-05,0.7628,0.5602,0.5374,0.5722,0.6341,0.6562,0.9247,0.9793,0.2759,,0,228000,4096
141000,6.25e-05,0.7418,0.5597,0.5378,0.5731,0.6355,0.6568,0.9246,0.9792,0.2769,,0,228000,4096
142000,6.25e-05,0.712,0.5617,0.5379,0.573,0.6351,0.6576,0.9241,0.9791,0.2773,,0,228000,4096
143000,6.25e-05,0.7787,0.5608,0.5383,0.5731,0.6362,0.6585,0.9239,0.9789,0.278,,0,228000,4096
144000,6.25e-05,0.8013,0.5596,0.538,0.5736,0.636,0.6587,0.9236,0.9789,0.2775,,0,228000,4096
145000,6.25e-05,0.8309,0.5611,0.5387,0.5736,0.6375,0.6595,0.9234,0.9788,0.2787,,0,228000,4096
146000,6.25e-05,0.7651,0.5622,0.5387,0.5735,0.6375,0.6602,0.923,0.9786,0.2797,,0,228000,4096
147000,6.25e-05,0.765,0.5611,0.5389,0.5744,0.6381,0.6609,0.9228,0.9784,0.2808,,0,228000,4096
148000,6.25e-05,0.718,0.562,0.5394,0.5741,0.6383,0.6617,0.9225,0.9783,0.2816,,0,228000,4096
149000,6.25e-05,0.8234,0.56,0.5396,0.5747,0.6391,0.6624,0.9222,0.9782,0.282,,0,228000,4096
150000,6.25e-05,0.8388,0.5619,0.5397,0.5751,0.6397,0.6631,0.9217,0.978,0.2823,,0,228000,4096
151000,6.25e-05,0.7868,0.5631,0.5401,0.5752,0.6402,0.6637,0.9214,0.9779,0.2831,,0,228000,4096
152000,6.25e-05,0.7355,0.562,0.5402,0.5748,0.6401,0.6645,0.9211,0.9777,0.2839,,0,228000,4096
153000,6.25e-05,0.7675,0.5627,0.5404,0.5754,0.6409,0.6649,0.9208,0.9776,0.2837,,0,228000,4096
154000,6.25e-05,0.7189,0.5644,0.5408,0.5757,0.6416,0.6658,0.9205,0.9775,0.2842,,0,228000,4096
155000,6.25e-05,0.7091,0.5637,0.5407,0.5757,0.6416,0.6663,0.9203,0.9775,0.2839,,0,228000,4096
156000,6.25e-05,0.769,0.5626,0.541,0.5759,0.6423,0.6668,0.9199,0.9773,0.2848,,0,228000,4096
157000,6.25e-05,0.7164,0.5647,0.5413,0.5757,0.6427,0.6675,0.9197,0.9772,0.2855,,0,228000,4096
158000,6.25e-05,0.7457,0.5647,0.5416,0.5762,0.6434,0.6683,0.9192,0.977,0.2862,,0,228000,4096
159000,6.25e-05,0.7717,0.5634,0.5418,0.5762,0.6438,0.6689,0.919,0.9769,0.2864,,0,228000,4096
160000,6.25e-05,0.7296,0.5646,0.5421,0.5769,0.6443,0.6695,0.9186,0.9767,0.2877,,0,228000,4096
161000,6.25e-05,0.7041,0.5643,0.5424,0.5772,0.6445,0.6703,0.9183,0.9766,0.2875,,0,228000,4096
162000,6.25e-05,0.7515,0.5637,0.5422,0.577,0.6453,0.6706,0.918,0.9765,0.2882,,0,228000,4096
163000,6.25e-05,0.6455,0.5656,0.5425,0.5767,0.6457,0.6714,0.9177,0.9763,0.2888,,0,228000,4096
164000,6.25e-05,0.7474,0.5669,0.543,0.5773,0.6463,0.6722,0.9173,0.9762,0.2889,,0,228000,4096
165000,6.25e-05,0.7603,0.5653,0.5433,0.5774,0.6471,0.6726,0.9171,0.9761,0.2898,,0,228000,4096
166000,6.25e-05,0.7312,0.5656,0.5435,0.5778,0.6475,0.6734,0.9168,0.976,0.29,,0,228000,4096
167000,6.25e-05,0.6945,0.5656,0.5432,0.5772,0.6477,0.6734,0.9162,0.9758,0.2904,,0,228000,4096
168000,6.25e-05,0.7227,0.5665,0.5437,0.578,0.6484,0.6743,0.9161,0.9757,0.2905,,0,228000,4096
169000,6.25e-05,0.6886,0.5674,0.544,0.5777,0.6486,0.6749,0.9157,0.9756,0.2903,,0,228000,4096
170000,6.25e-05,0.6996,0.568,0.544,0.5786,0.6488,0.6755,0.9154,0.9754,0.2917,,0,228000,4096
171000,6.25e-05,0.8057,0.5669,0.5446,0.5784,0.65,0.676,0.9151,0.9754,0.2916,,0,228000,4096
172000,6.25e-05,0.6774,0.5668,0.5444,0.579,0.6502,0.6762,0.9147,0.9752,0.2926,,0,228000,4096
173000,6.25e-05,0.7811,0.5665,0.5445,0.5785,0.6506,0.6769,0.9144,0.9751,0.2921,,0,228000,4096
174000,6.25e-05,0.75,0.5676,0.5447,0.5789,0.6514,0.6774,0.9142,0.975,0.2934,,0,228000,4096
175000,6.25e-05,0.722,0.5694,0.5454,0.5797,0.6525,0.6786,0.9139,0.9748,0.2936,,0,228000,4096
176000,6.25e-05,0.7882,0.5676,0.5451,0.5791,0.6527,0.6784,0.9134,0.9747,0.2936,,0,228000,4096
177000,6.25e-05,0.7394,0.5673,0.5452,0.5783,0.652,0.6791,0.9131,0.9746,0.2941,,0,228000,4096
178000,6.25e-05,0.6862,0.5695,0.5458,0.5795,0.6533,0.6799,0.9128,0.9745,0.2945,,0,228000,4096
179000,6.25e-05,0.7361,0.5682,0.5461,0.5794,0.6542,0.6806,0.9125,0.9744,0.2941,,0,228000,4096
180000,6.25e-05,0.7083,0.5693,0.5462,0.5796,0.6549,0.681,0.9122,0.9742,0.2955,,0,228000,4096
181000,6.25e-05,0.745,0.5682,0.5459,0.5794,0.6547,0.6815,0.9118,0.974,0.2961,,0,228000,4096
182000,6.25e-05,0.7301,0.5685,0.5468,0.5803,0.6564,0.6824,0.9115,0.9739,0.2965,,0,228000,4096
183000,6.25e-05,0.7484,0.569,0.5467,0.5804,0.6568,0.6828,0.9111,0.9738,0.2968,,0,228000,4096
184000,6.25e-05,0.6797,0.5692,0.5468,0.5806,0.657,0.6831,0.9107,0.9736,0.2971,,0,228000,4096
185000,6.25e-05,0.7711,0.5679,0.5471,0.5809,0.658,0.684,0.9104,0.9734,0.2977,,0,228000,4096
186000,6.25e-05,0.7286,0.5693,0.5475,0.5809,0.6583,0.6845,0.9101,0.9734,0.2973,,0,228000,4096
187000,6.25e-05,0.6764,0.5696,0.5474,0.5805,0.6589,0.6847,0.9098,0.9733,0.2977,,0,228000,4096
188000,6.25e-05,0.6912,0.5693,0.5477,0.5809,0.6597,0.6855,0.9095,0.9731,0.2985,,0,228000,4096
189000,6.25e-05,0.6971,0.5694,0.547,0.5797,0.6568,0.6859,0.9089,0.973,0.2965,,0,228000,4096
190000,3.13e-05,0.6872,0.5706,0.5478,0.5808,0.6595,0.6863,0.9088,0.9728,0.2991,,0,228000,4096
191000,3.13e-05,0.725,0.5727,0.5491,0.5828,0.6626,0.6881,0.9088,0.9725,0.3035,,0,228000,4096
192000,3.13e-05,0.6882,0.5733,0.5493,0.583,0.6629,0.6884,0.909,0.9723,0.3057,,0,228000,4096
193000,3.13e-05,0.6954,0.5715,0.5492,0.5827,0.663,0.6886,0.9089,0.9722,0.3069,,0,228000,4096
194000,3.13e-05,0.6142,0.5707,0.5494,0.5829,0.6635,0.6888,0.9089,0.9722,0.3073,,0,228000,4096
195000,1.56e-05,0.6948,0.5719,0.5495,0.5828,0.6637,0.689,0.9089,0.9721,0.3079,,0,228000,4096
196000,1.56e-05,0.7012,0.5739,0.5501,0.5835,0.6648,0.6899,0.9089,0.9719,0.3105,,0,228000,4096
197000,1.56e-05,0.601,0.573,0.5501,0.5837,0.665,0.6901,0.909,0.9718,0.3116,,0,228000,4096
198000,1.56e-05,0.6843,0.5736,0.5501,0.5837,0.6652,0.6902,0.9091,0.9717,0.3126,,0,228000,4096
199000,1.56e-05,0.6956,0.572,0.5503,0.5839,0.6654,0.6904,0.9091,0.9716,0.3137,,0,228000,4096
200000,1e-05,0.7235,0.5719,0.5503,0.5838,0.6656,0.6906,0.9091,0.9716,0.3142,,0,228000,4096
201000,1e-05,0.7147,0.5736,0.5506,0.5843,0.666,0.6909,0.9092,0.9716,0.3151,,0,228000,4096
202000,1e-05,0.7777,0.5749,0.5506,0.5843,0.6661,0.691,0.9092,0.9715,0.3157,,0,228000,4096
203000,1e-05,0.7669,0.5755,0.5506,0.5843,0.6662,0.6911,0.9093,0.9715,0.3161,,0,228000,4096
204000,1e-05,0.7551,0.5743,0.5508,0.5842,0.6663,0.6913,0.9092,0.9714,0.3165,,0,228000,4096
205000,1e-05,0.713,0.5729,0.5508,0.5845,0.6664,0.6914,0.9092,0.9714,0.3171,,0,228000,4096
206000,1e-05,0.8167,0.5762,0.5508,0.5845,0.6666,0.6914,0.9093,0.9714,0.3175,,0,228000,4096
207000,1e-05,0.6977,0.5754,0.5509,0.5844,0.6668,0.6916,0.9093,0.9713,0.3179,,0,228000,4096
208000,1e-05,0.7092,0.573,0.551,0.5845,0.6669,0.6917,0.9094,0.9713,0.3181,,0,228000,4096
209000,1e-05,0.7884,0.5728,0.551,0.5847,0.667,0.6917,0.9094,0.9713,0.3185,,0,228000,4096
210000,1e-05,0.7281,0.5724,0.5511,0.5844,0.6673,0.6919,0.9093,0.9713,0.3188,,0,228000,4096
211000,1e-05,0.7206,0.575,0.5511,0.5848,0.6674,0.692,0.9093,0.9712,0.3193,,0,228000,4096
212000,1e-05,0.4977,0.5745,0.5512,0.5847,0.6675,0.6921,0.9094,0.9712,0.3196,,0,228000,4096
213000,1e-05,0.7348,0.5733,0.5512,0.5846,0.6676,0.6922,0.9093,0.9712,0.3199,,0,228000,4096
214000,1e-05,0.6946,0.5742,0.5513,0.5848,0.6678,0.6923,0.9094,0.9712,0.3201,,0,228000,4096
215000,1e-05,0.7693,0.5752,0.5513,0.585,0.6679,0.6924,0.9093,0.9711,0.3205,,0,228000,4096
216000,1e-05,0.7855,0.574,0.5514,0.5847,0.668,0.6925,0.9093,0.9711,0.3207,,0,228000,4096
217000,1e-05,0.8163,0.574,0.5514,0.5848,0.6682,0.6926,0.9092,0.9711,0.321,,0,228000,4096
218000,1e-05,0.7205,0.5744,0.5515,0.5849,0.6684,0.6928,0.9092,0.971,0.3213,,0,228000,4096
219000,1e-05,0.7813,0.5735,0.5515,0.5849,0.6685,0.6928,0.9092,0.971,0.3213,,0,228000,4096
220000,1e-05,0.7906,0.5741,0.5515,0.5849,0.6687,0.6929,0.9093,0.971,0.3218,,0,228000,4096
221000,1e-05,0.7217,0.5733,0.5516,0.585,0.6688,0.6931,0.9093,0.971,0.3221,,0,228000,4096
222000,1e-05,0.7075,0.5743,0.5517,0.5851,0.6689,0.693,0.9092,0.9709,0.322,,0,228000,4096
223000,1e-05,0.7677,0.5754,0.5517,0.5851,0.669,0.6932,0.9092,0.9709,0.3225,,0,228000,4096
224000,1e-05,0.6516,0.5763,0.5517,0.585,0.6693,0.6933,0.9092,0.9709,0.3226,,0,228000,4096
225000,1e-05,0.7366,0.5744,0.5518,0.5853,0.6692,0.6934,0.9091,0.9709,0.3228,,0,228000,4096
226000,1e-05,0.729,0.5732,0.5519,0.5853,0.6695,0.6935,0.9092,0.9708,0.323,,0,228000,4096
227000,1e-05,0.7377,0.5748,0.5519,0.5852,0.6696,0.6937,0.9091,0.9708,0.3234,,0,228000,4096
228000,1e-05,0.7394,0.5756,0.5519,0.5854,0.6696,0.6937,0.9091,0.9708,0.3236,,0,228000,4096
229000,1e-05,0.7804,0.5746,0.5519,0.5852,0.6698,0.6938,0.909,0.9707,0.3238,,0,228000,4096
230000,1e-05,0.7535,0.5747,0.552,0.5852,0.67,0.6939,0.909,0.9707,0.3239,,0,228000,4096
231000,1e-05,0.6798,0.5762,0.5521,0.5854,0.6703,0.694,0.909,0.9707,0.3242,,0,228000,4096
232000,1e-05,0.6955,0.5739,0.5521,0.5855,0.6703,0.6941,0.909,0.9707,0.3244,,0,228000,4096
233000,1e-05,0.7053,0.574,0.5522,0.5854,0.6705,0.6943,0.9089,0.9706,0.3247,,0,228000,4096
234000,1e-05,0.7462,0.5767,0.5522,0.5853,0.6707,0.6943,0.909,0.9706,0.3249,,0,228000,4096
235000,1e-05,0.7807,0.5763,0.5522,0.5853,0.6708,0.6944,0.9089,0.9706,0.325,,0,228000,4096
236000,1e-05,0.675,0.576,0.5523,0.5856,0.6709,0.6946,0.9089,0.9705,0.3254,,0,228000,4096
237000,1e-05,0.6629,0.5756,0.5523,0.5855,0.6711,0.6946,0.9088,0.9705,0.3255,,0,228000,4096
238000,1e-05,0.7124,0.5763,0.5524,0.5854,0.6713,0.6947,0.9088,0.9705,0.3256,,0,228000,4096
239000,1e-05,0.6646,0.5757,0.5524,0.5856,0.6714,0.6948,0.9087,0.9704,0.326,,0,228000,4096
240000,1e-05,0.659,0.5758,0.5524,0.5854,0.6715,0.6949,0.9087,0.9704,0.3263,,0,228000,4096
241000,1e-05,0.7158,0.5747,0.5525,0.5855,0.6717,0.695,0.9086,0.9704,0.3263,,0,228000,4096
242000,1e-05,0.7015,0.5755,0.5525,0.5855,0.6717,0.6951,0.9086,0.9704,0.3265,,0,228000,4096
243000,1e-05,0.661,0.5762,0.5526,0.5856,0.6719,0.6952,0.9085,0.9703,0.3266,,0,228000,4096
244000,1e-05,0.6683,0.5773,0.5526,0.5857,0.6721,0.6954,0.9085,0.9703,0.3269,,0,228000,4096
245000,1e-05,0.7073,0.5755,0.5527,0.5857,0.6722,0.6954,0.9085,0.9703,0.327,,0,228000,4096
246000,1e-05,0.7536,0.5764,0.5527,0.5856,0.6723,0.6956,0.9084,0.9702,0.3274,,0,228000,4096
247000,1e-05,0.7644,0.5767,0.5527,0.5858,0.6726,0.6956,0.9084,0.9702,0.3275,,0,228000,4096
248000,1e-05,0.6791,0.5756,0.5528,0.5857,0.6727,0.6958,0.9084,0.9702,0.3278,,0,228000,4096
249000,1e-05,0.6654,0.5752,0.5528,0.5858,0.6728,0.6958,0.9083,0.9701,0.328,,0,228000,4096
250000,1e-05,0.7529,0.5764,0.5528,0.5859,0.6729,0.6959,0.9083,0.9701,0.3282,,0,228000,4096
251000,1e-05,0.7156,0.5753,0.5529,0.586,0.6729,0.696,0.9082,0.97,0.3284,,0,228000,4096
252000,1e-05,0.6613,0.576,0.5529,0.5858,0.6732,0.6961,0.9082,0.9701,0.3285,,0,228000,4096
253000,1e-05,0.6756,0.5736,0.553,0.5859,0.6734,0.6963,0.9082,0.97,0.3287,,0,228000,4096
254000,1e-05,0.6812,0.5763,0.5531,0.586,0.6735,0.6964,0.9081,0.97,0.3288,,0,228000,4096
255000,1e-05,0.7409,0.5775,0.5531,0.586,0.6736,0.6965,0.9081,0.97,0.329,,0,228000,4096
256000,1e-05,0.745,0.5764,0.5531,0.5859,0.6737,0.6966,0.908,0.9699,0.3291,,0,228000,4096
257000,1e-05,0.6811,0.5758,0.5532,0.5863,0.6737,0.6966,0.9081,0.9699,0.3292,,0,228000,4096
258000,1e-05,0.6862,0.5772,0.5532,0.5862,0.674,0.6968,0.9079,0.9699,0.3295,,0,228000,4096
259000,1e-05,0.808,0.5753,0.5532,0.5862,0.6741,0.6969,0.9079,0.9698,0.3296,,0,228000,4096
260000,1e-05,0.6941,0.5739,0.5533,0.586,0.6742,0.697,0.9079,0.9698,0.3298,,0,228000,4096
261000,1e-05,0.7496,0.5769,0.5534,0.5863,0.6744,0.6971,0.9078,0.9698,0.3299,,0,228000,4096
262000,1e-05,0.7234,0.5771,0.5534,0.5863,0.6746,0.6971,0.9078,0.9698,0.3299,,0,228000,4096
263000,1e-05,0.6947,0.5762,0.5535,0.5863,0.6747,0.6973,0.9076,0.9697,0.3303,,0,228000,4096
264000,1e-05,0.7027,0.5756,0.5534,0.5862,0.6748,0.6973,0.9077,0.9697,0.3303,,0,228000,4096
265000,1e-05,0.755,0.5755,0.5535,0.5863,0.6751,0.6975,0.9076,0.9697,0.3305,,0,228000,4096
266000,1e-05,0.7056,0.5766,0.5535,0.5862,0.6751,0.6976,0.9076,0.9696,0.3306,,0,228000,4096
267000,1e-05,0.6755,0.5769,0.5536,0.5864,0.6752,0.6977,0.9076,0.9696,0.3308,,0,228000,4096
268000,1e-05,0.6589,0.5771,0.5536,0.5864,0.6754,0.6977,0.9076,0.9696,0.331,,0,228000,4096
269000,1e-05,0.5033,0.575,0.5537,0.5865,0.6756,0.6979,0.9075,0.9695,0.3313,,0,228000,4096
270000,1e-05,0.6464,0.5755,0.5537,0.5865,0.6757,0.698,0.9074,0.9695,0.3314,,0,228000,4096
271000,1e-05,0.6982,0.5768,0.5538,0.5865,0.6759,0.6981,0.9074,0.9695,0.3315,,0,228000,4096
272000,1e-05,0.667,0.5772,0.5538,0.5867,0.6759,0.6981,0.9074,0.9695,0.3317,,0,228000,4096
273000,1e-05,0.717,0.5777,0.5539,0.5867,0.6761,0.6983,0.9073,0.9694,0.332,,0,228000,4096
274000,1e-05,0.7104,0.5776,0.5539,0.5866,0.6763,0.6983,0.9073,0.9694,0.3323,,0,228000,4096
275000,1e-05,0.6547,0.5772,0.554,0.5866,0.6765,0.6984,0.9072,0.9694,0.3323,,0,228000,4096
276000,1e-05,0.7147,0.5778,0.554,0.5867,0.6766,0.6985,0.9072,0.9693,0.3325,,0,228000,4096
277000,1e-05,0.7221,0.5775,0.554,0.5866,0.6768,0.6986,0.9071,0.9693,0.3329,,0,228000,4096
278000,1e-05,0.6606,0.5769,0.5541,0.5868,0.677,0.6987,0.9071,0.9693,0.3327,,0,228000,4096
279000,1e-05,0.6519,0.5785,0.5541,0.5869,0.677,0.6988,0.9071,0.9693,0.3329,,0,228000,4096
280000,1e-05,0.7123,0.5781,0.5542,0.5867,0.6772,0.699,0.907,0.9692,0.333,,0,228000,4096
281000,1e-05,0.6981,0.5773,0.5542,0.5868,0.6773,0.699,0.907,0.9692,0.3333,,0,228000,4096
282000,1e-05,0.6672,0.5791,0.5542,0.5868,0.6774,0.6991,0.9069,0.9692,0.3332,,0,228000,4096
283000,1e-05,0.731,0.5777,0.5543,0.5868,0.6775,0.6992,0.9069,0.9692,0.3334,,0,228000,4096
284000,1e-05,0.7504,0.577,0.5543,0.5869,0.6777,0.6992,0.9068,0.9691,0.3336,,0,228000,4096
285000,1e-05,0.781,0.5778,0.5544,0.5868,0.678,0.6994,0.9068,0.9691,0.3336,,0,228000,4096
286000,1e-05,0.7138,0.5788,0.5543,0.5868,0.6779,0.6995,0.9067,0.9691,0.3338,,0,228000,4096
287000,1e-05,0.7184,0.5777,0.5544,0.5871,0.678,0.6995,0.9067,0.969,0.3339,,0,228000,4096
288000,1e-05,0.6761,0.5781,0.5544,0.587,0.6782,0.6996,0.9067,0.969,0.3342,,0,228000,4096
289000,1e-05,0.7754,0.576,0.5545,0.5871,0.6784,0.6998,0.9066,0.969,0.3343,,0,228000,4096
290000,1e-05,0.7828,0.5778,0.5545,0.5872,0.6785,0.6998,0.9066,0.969,0.3342,,0,228000,4096
291000,1e-05,0.7413,0.5786,0.5545,0.5871,0.6786,0.6999,0.9065,0.9689,0.3347,,0,228000,4096
292000,1e-05,0.6969,0.5773,0.5546,0.5872,0.6787,0.7002,0.9064,0.9689,0.3349,,0,228000,4096
293000,1e-05,0.7247,0.5779,0.5546,0.5873,0.6788,0.7001,0.9064,0.9689,0.3348,,0,228000,4096
294000,1e-05,0.6751,0.5793,0.5547,0.5871,0.6791,0.7003,0.9063,0.9688,0.335,,0,228000,4096
295000,1e-05,0.6707,0.5786,0.5546,0.5872,0.6792,0.7003,0.9063,0.9688,0.335,,0,228000,4096
296000,1e-05,0.7217,0.5773,0.5547,0.5872,0.6792,0.7004,0.9062,0.9688,0.3352,,0,228000,4096
297000,1e-05,0.678,0.5791,0.5548,0.5872,0.6794,0.7005,0.9062,0.9688,0.3351,,0,228000,4096
298000,1e-05,0.6932,0.5788,0.5548,0.5872,0.6797,0.7006,0.9061,0.9687,0.3353,,0,228000,4096
299000,1e-05,0.7297,0.5776,0.5548,0.5872,0.6799,0.7007,0.9061,0.9687,0.3355,,0,228000,4096
300000,1e-05,0.6933,0.5785,0.5549,0.5874,0.6799,0.7008,0.9061,0.9687,0.3359,,0,228000,4096
301000,1e-05,0.6679,0.5777,0.5549,0.5876,0.6799,0.701,0.906,0.9686,0.3359,,0,228000,4096
302000,1e-05,0.7115,0.5773,0.5549,0.5874,0.6801,0.701,0.9059,0.9686,0.3362,,0,228000,4096
303000,1e-05,0.6048,0.5789,0.5549,0.5871,0.6803,0.7011,0.9058,0.9685,0.3362,,0,228000,4096
304000,1e-05,0.7107,0.5799,0.555,0.5874,0.6804,0.7012,0.9058,0.9686,0.3362,,0,228000,4096
305000,1e-05,0.7235,0.5782,0.5551,0.5873,0.6807,0.7013,0.9057,0.9685,0.3364,,0,228000,4096
306000,1e-05,0.6966,0.5781,0.5551,0.5875,0.6807,0.7014,0.9058,0.9685,0.3365,,0,228000,4096
307000,1e-05,0.6603,0.5784,0.5551,0.5873,0.6809,0.7015,0.9056,0.9684,0.3367,,0,228000,4096
308000,1e-05,0.69,0.5788,0.5551,0.5875,0.681,0.7016,0.9056,0.9684,0.3368,,0,228000,4096
309000,1e-05,0.6587,0.5796,0.5552,0.5873,0.681,0.7017,0.9056,0.9684,0.3369,,0,228000,4096
310000,1e-05,0.6705,0.5802,0.5552,0.5876,0.6812,0.7018,0.9055,0.9683,0.3374,,0,228000,4096
311000,1e-05,0.7695,0.5786,0.5553,0.5875,0.6813,0.7019,0.9054,0.9683,0.3375,,0,228000,4096
312000,1e-05,0.6485,0.5787,0.5554,0.5878,0.6815,0.7019,0.9055,0.9683,0.3374,,0,228000,4096
313000,1e-05,0.7461,0.5782,0.5553,0.5877,0.6817,0.702,0.9054,0.9683,0.3374,,0,228000,4096
314000,1e-05,0.7174,0.5793,0.5555,0.5878,0.6818,0.7022,0.9053,0.9682,0.3377,,0,228000,4096
315000,1e-05,0.6941,0.5803,0.5555,0.5878,0.682,0.7023,0.9053,0.9682,0.3376,,0,228000,4096
316000,1e-05,0.7538,0.5789,0.5555,0.5877,0.6821,0.7024,0.9051,0.9682,0.3379,,0,228000,4096
317000,1e-05,0.7072,0.5784,0.5555,0.5877,0.6822,0.7024,0.9052,0.9682,0.338,,0,228000,4096
318000,1e-05,0.6579,0.5801,0.5555,0.5879,0.6824,0.7025,0.9051,0.9681,0.3381,,0,228000,4096
319000,1e-05,0.7027,0.5786,0.5556,0.5877,0.6825,0.7026,0.9051,0.9681,0.3381,,0,228000,4096
320000,1e-05,0.6772,0.5796,0.5556,0.5877,0.6827,0.7027,0.905,0.9681,0.3385,,0,228000,4096
321000,1e-05,0.7129,0.5788,0.5556,0.5877,0.6829,0.7029,0.905,0.968,0.3388,,0,228000,4096
322000,1e-05,0.7008,0.5783,0.5557,0.5878,0.683,0.7029,0.905,0.968,0.3389,,0,228000,4096
323000,1e-05,0.7204,0.5788,0.5557,0.5878,0.6831,0.7031,0.9049,0.968,0.3389,,0,228000,4096
324000,1e-05,0.6549,0.579,0.5557,0.588,0.6832,0.7031,0.9048,0.9679,0.3392,,0,228000,4096
325000,1e-05,0.7435,0.5773,0.5558,0.588,0.6833,0.7033,0.9048,0.9679,0.3391,,0,228000,4096
326000,1e-05,0.7031,0.5785,0.5559,0.588,0.6836,0.7033,0.9047,0.9679,0.3393,,0,228000,4096
327000,1e-05,0.657,0.5789,0.5559,0.5879,0.6836,0.7034,0.9047,0.9679,0.3393,,0,228000,4096
328000,1e-05,0.6626,0.5782,0.5559,0.588,0.6838,0.7035,0.9047,0.9678,0.3395,,0,228000,4096
329000,1e-05,0.6673,0.5792,0.5559,0.5881,0.6839,0.7036,0.9046,0.9678,0.34,,0,228000,4096
330000,1e-05,0.6616,0.5795,0.5559,0.5881,0.6839,0.7036,0.9046,0.9678,0.3398,,0,228000,4096
331000,1e-05,0.7021,0.5804,0.556,0.5881,0.6842,0.7038,0.9046,0.9678,0.3399,,0,228000,4096
332000,1e-05,0.6672,0.5809,0.5561,0.5882,0.6844,0.7038,0.9046,0.9677,0.3402,,0,228000,4096
333000,1e-05,0.6694,0.5791,0.556,0.588,0.6844,0.7039,0.9044,0.9677,0.3406,,0,228000,4096
334000,1e-05,0.5981,0.578,0.5561,0.588,0.6846,0.704,0.9044,0.9677,0.3404,,0,228000,4096
335000,1e-05,0.6759,0.5793,0.5561,0.5881,0.6847,0.704,0.9043,0.9677,0.3404,,0,228000,4096
336000,1e-05,0.6835,0.5807,0.5562,0.588,0.6849,0.7042,0.9043,0.9676,0.3406,,0,228000,4096
337000,1e-05,0.5889,0.5798,0.5562,0.5882,0.685,0.7043,0.9043,0.9676,0.3407,,0,228000,4096
338000,1e-05,0.6659,0.5804,0.5562,0.5881,0.6851,0.7043,0.9042,0.9676,0.3409,,0,228000,4096
339000,1e-05,0.6785,0.5786,0.5563,0.5883,0.6852,0.7045,0.9041,0.9675,0.3413,,0,228000,4096
340000,1e-05,0.7025,0.5784,0.5563,0.5882,0.6854,0.7045,0.904,0.9675,0.3413,,0,228000,4096
341000,1e-05,0.6971,0.58,0.5563,0.5884,0.6855,0.7047,0.9041,0.9675,0.3414,,0,228000,4096
342000,1e-05,0.7569,0.5813,0.5564,0.5884,0.6856,0.7048,0.904,0.9674,0.3415,,0,228000,4096
343000,1e-05,0.7473,0.5819,0.5563,0.5884,0.6857,0.7048,0.9039,0.9674,0.3415,,0,228000,4096
344000,1e-05,0.7344,0.5806,0.5564,0.5883,0.6857,0.705,0.9038,0.9674,0.3415,,0,228000,4096
345000,1e-05,0.6927,0.5792,0.5564,0.5886,0.6859,0.7051,0.9038,0.9673,0.3418,,0,228000,4096
346000,1e-05,0.7943,0.5825,0.5565,0.5885,0.6861,0.7051,0.9037,0.9673,0.3419,,0,228000,4096
347000,1e-05,0.6791,0.5816,0.5565,0.5884,0.6862,0.7053,0.9037,0.9673,0.3419,,0,228000,4096
348000,1e-05,0.6906,0.5792,0.5566,0.5885,0.6864,0.7053,0.9037,0.9673,0.342,,0,228000,4096
349000,1e-05,0.7685,0.5791,0.5566,0.5887,0.6864,0.7053,0.9037,0.9673,0.3422,,0,228000,4096
350000,1e-05,0.7107,0.5787,0.5567,0.5883,0.6867,0.7055,0.9035,0.9672,0.3422,,0,228000,4096
351000,1e-05,0.7043,0.5812,0.5567,0.5888,0.6868,0.7057,0.9035,0.9672,0.3426,,0,228000,4096
352000,1e-05,0.4913,0.5807,0.5567,0.5886,0.687,0.7057,0.9035,0.9672,0.3427,,0,228000,4096
353000,1e-05,0.7157,0.5794,0.5568,0.5886,0.6869,0.7058,0.9034,0.9672,0.3425,,0,228000,4096
354000,1e-05,0.6771,0.5804,0.5568,0.5887,0.6872,0.7059,0.9034,0.9671,0.3428,,0,228000,4096
355000,1e-05,0.7494,0.5813,0.5568,0.5889,0.6873,0.7059,0.9034,0.9671,0.343,,0,228000,4096
356000,1e-05,0.7647,0.5801,0.5569,0.5886,0.6874,0.706,0.9033,0.9671,0.343,,0,228000,4096
357000,1e-05,0.7945,0.5802,0.5569,0.5887,0.6875,0.7061,0.9032,0.967,0.3431,,0,228000,4096
358000,1e-05,0.7024,0.5805,0.5569,0.5887,0.6877,0.7063,0.9032,0.967,0.3433,,0,228000,4096
359000,1e-05,0.76,0.5796,0.557,0.5887,0.6879,0.7063,0.9031,0.967,0.3432,,0,228000,4096
360000,1e-05,0.7701,0.5801,0.557,0.5888,0.688,0.7064,0.9031,0.967,0.3434,,0,228000,4096
361000,1e-05,0.7053,0.5793,0.557,0.5889,0.688,0.7065,0.9031,0.9669,0.3437,,0,228000,4096
362000,1e-05,0.6903,0.5804,0.5571,0.5889,0.6883,0.7065,0.903,0.9669,0.3436,,0,228000,4096
363000,1e-05,0.7456,0.5814,0.5571,0.5889,0.6883,0.7066,0.903,0.9669,0.3438,,0,228000,4096
364000,1e-05,0.6366,0.5823,0.5571,0.5888,0.6885,0.7067,0.9029,0.9669,0.3438,,0,228000,4096
365000,1e-05,0.7185,0.5804,0.5571,0.5891,0.6884,0.7068,0.9029,0.9668,0.3438,,0,228000,4096
366000,1e-05,0.7115,0.5792,0.5572,0.5891,0.6887,0.7069,0.9029,0.9668,0.344,,0,228000,4096
367000,1e-05,0.7191,0.5807,0.5572,0.589,0.6888,0.7071,0.9028,0.9668,0.3443,,0,228000,4096
368000,1e-05,0.7221,0.5815,0.5572,0.5892,0.6888,0.7071,0.9028,0.9668,0.3444,,0,228000,4096
369000,1e-05,0.7607,0.5805,0.5573,0.5889,0.689,0.7072,0.9027,0.9667,0.3445,,0,228000,4096
370000,1e-05,0.7331,0.5806,0.5573,0.589,0.6892,0.7073,0.9026,0.9667,0.3444,,0,228000,4096
371000,1e-05,0.664,0.5821,0.5574,0.5891,0.6895,0.7074,0.9026,0.9667,0.3446,,0,228000,4096
372000,1e-05,0.6782,0.5798,0.5574,0.5892,0.6895,0.7075,0.9026,0.9667,0.3447,,0,228000,4096
373000,1e-05,0.6889,0.5799,0.5575,0.5891,0.6897,0.7076,0.9025,0.9666,0.3449,,0,228000,4096
374000,1e-05,0.7275,0.5826,0.5575,0.589,0.6898,0.7076,0.9025,0.9666,0.3451,,0,228000,4096
375000,1e-05,0.7613,0.5821,0.5574,0.5891,0.69,0.7077,0.9024,0.9666,0.3451,,0,228000,4096
376000,1e-05,0.6572,0.5818,0.5575,0.5893,0.6901,0.7079,0.9024,0.9665,0.3453,,0,228000,4096
377000,1e-05,0.6456,0.5815,0.5576,0.5892,0.6902,0.7079,0.9023,0.9665,0.3454,,0,228000,4096
378000,1e-05,0.6962,0.5821,0.5576,0.5891,0.6904,0.708,0.9023,0.9665,0.3454,,0,228000,4096
379000,1e-05,0.6494,0.5815,0.5576,0.5893,0.6905,0.7081,0.9022,0.9664,0.3457,,0,228000,4096
380000,1e-05,0.6442,0.5816,0.5576,0.589,0.6906,0.7081,0.9022,0.9664,0.3459,,0,228000,4096
381000,1e-05,0.6978,0.5805,0.5576,0.5891,0.6908,0.7082,0.9021,0.9664,0.3458,,0,228000,4096
382000,1e-05,0.6843,0.5812,0.5576,0.5892,0.6908,0.7083,0.9021,0.9664,0.346,,0,228000,4096
383000,1e-05,0.6412,0.582,0.5577,0.5893,0.6909,0.7085,0.902,0.9663,0.346,,0,228000,4096
384000,1e-05,0.6534,0.583,0.5577,0.5894,0.6911,0.7085,0.902,0.9663,0.3462,,0,228000,4096
385000,1e-05,0.6909,0.5812,0.5578,0.5894,0.6912,0.7086,0.902,0.9663,0.3463,,0,228000,4096
386000,1e-05,0.7346,0.5821,0.5578,0.5893,0.6913,0.7087,0.9019,0.9662,0.3466,,0,228000,4096
387000,1e-05,0.7454,0.5824,0.5578,0.5895,0.6916,0.7088,0.9019,0.9662,0.3467,,0,228000,4096
388000,1e-05,0.6609,0.5814,0.5579,0.5894,0.6917,0.7089,0.9018,0.9662,0.347,,0,228000,4096
389000,1e-05,0.6507,0.5809,0.5579,0.5894,0.6917,0.709,0.9017,0.9661,0.3471,,0,228000,4096
390000,1e-05,0.7342,0.5821,0.5579,0.5896,0.6919,0.709,0.9017,0.9661,0.3471,,0,228000,4096
391000,1e-05,0.6976,0.5809,0.5579,0.5897,0.6918,0.7092,0.9016,0.9661,0.3473,,0,228000,4096
392000,1e-05,0.6469,0.5816,0.5579,0.5895,0.692,0.7092,0.9016,0.9661,0.3474,,0,228000,4096
393000,1e-05,0.6576,0.5793,0.558,0.5895,0.6922,0.7093,0.9016,0.966,0.3474,,0,228000,4096
394000,1e-05,0.6662,0.5819,0.5581,0.5896,0.6923,0.7094,0.9015,0.966,0.3475,,0,228000,4096
395000,1e-05,0.7226,0.5831,0.5581,0.5896,0.6925,0.7095,0.9015,0.966,0.3477,,0,228000,4096
396000,1e-05,0.7263,0.582,0.5581,0.5895,0.6925,0.7097,0.9014,0.9659,0.3478,,0,228000,4096
397000,1e-05,0.6661,0.5813,0.5582,0.5899,0.6925,0.7097,0.9014,0.966,0.3478,,0,228000,4096
398000,1e-05,0.6707,0.5827,0.5582,0.5897,0.6928,0.7098,0.9013,0.9659,0.348,,0,228000,4096
399000,1e-05,0.7874,0.5808,0.5582,0.5898,0.6929,0.7099,0.9013,0.9659,0.3481,,0,228000,4096
400000,1e-05,0.6793,0.5795,0.5582,0.5896,0.693,0.71,0.9012,0.9658,0.3484,,0,228000,4096
401000,1e-05,0.7311,0.5825,0.5583,0.5899,0.6932,0.7101,0.9012,0.9658,0.3482,,0,228000,4096
402000,1e-05,0.7056,0.5826,0.5583,0.5899,0.6933,0.7101,0.9011,0.9658,0.3481,,0,228000,4096
403000,1e-05,0.6748,0.5817,0.5584,0.5898,0.6934,0.7102,0.901,0.9657,0.3486,,0,228000,4096
404000,1e-05,0.6862,0.581,0.5583,0.5897,0.6935,0.7103,0.901,0.9658,0.3485,,0,228000,4096
405000,1e-05,0.7369,0.581,0.5584,0.5898,0.6938,0.7104,0.901,0.9657,0.3486,,0,228000,4096
406000,1e-05,0.6895,0.5821,0.5584,0.5897,0.6938,0.7105,0.901,0.9657,0.3487,,0,228000,4096
407000,1e-05,0.6607,0.5824,0.5584,0.5899,0.6939,0.7106,0.9009,0.9657,0.3489,,0,228000,4096
408000,1e-05,0.6448,0.5826,0.5584,0.5899,0.6941,0.7106,0.9009,0.9657,0.349,,0,228000,4096
409000,1e-05,0.4977,0.5804,0.5586,0.5901,0.6942,0.7108,0.9008,0.9656,0.3493,,0,228000,4096
410000,1e-05,0.6324,0.5809,0.5585,0.5899,0.6943,0.7109,0.9008,0.9656,0.3493,,0,228000,4096
411000,1e-05,0.6826,0.5823,0.5586,0.59,0.6945,0.7109,0.9007,0.9656,0.3494,,0,228000,4096
412000,1e-05,0.6478,0.5827,0.5586,0.5902,0.6944,0.7109,0.9007,0.9655,0.3495,,0,228000,4096
413000,1e-05,0.7012,0.583,0.5586,0.5902,0.6946,0.7111,0.9007,0.9655,0.3498,,0,228000,4096
414000,1e-05,0.6919,0.583,0.5587,0.5901,0.6948,0.7111,0.9006,0.9655,0.3501,,0,228000,4096
415000,1e-05,0.6406,0.5825,0.5588,0.59,0.695,0.7112,0.9006,0.9654,0.3501,,0,228000,4096
416000,1e-05,0.6979,0.5832,0.5587,0.5901,0.695,0.7113,0.9005,0.9654,0.3502,,0,228000,4096
